file,line,type,commit,author,date,time,timezone,datetime,depth,length
style.css,1,css,1c631ec6,JunshuXin,2025-01-24,23:57:06,-08:00,2025-01-24T23:57:06-08:00,0,23
style.css,2,css,682cfdd5,JunshuXin,2025-01-17,19:34:28,-08:00,2025-01-17T19:34:28-08:00,0,5
style.css,3,css,4f0fefa3,JunshuXin,2025-01-18,21:51:08,-08:00,2025-01-18T21:51:08-08:00,0,71
style.css,4,css,682cfdd5,JunshuXin,2025-01-17,19:34:28,-08:00,2025-01-17T19:34:28-08:00,0,24
style.css,5,css,4f0fefa3,JunshuXin,2025-01-18,21:51:08,-08:00,2025-01-18T21:51:08-08:00,0,0
style.css,6,css,4f0fefa3,JunshuXin,2025-01-18,21:51:08,-08:00,2025-01-18T21:51:08-08:00,0,47
style.css,7,css,4f0fefa3,JunshuXin,2025-01-18,21:51:08,-08:00,2025-01-18T21:51:08-08:00,0,47
style.css,8,css,fb703c8d,JunshuXin,2025-01-18,23:06:26,-08:00,2025-01-18T23:06:26-08:00,0,59
style.css,9,css,4f0fefa3,JunshuXin,2025-01-18,21:51:08,-08:00,2025-01-18T21:51:08-08:00,0,70
style.css,10,css,4f0fefa3,JunshuXin,2025-01-18,21:51:08,-08:00,2025-01-18T21:51:08-08:00,0,47
style.css,11,css,4f0fefa3,JunshuXin,2025-01-18,21:51:08,-08:00,2025-01-18T21:51:08-08:00,0,68
style.css,12,css,1c631ec6,JunshuXin,2025-01-24,23:57:06,-08:00,2025-01-24T23:57:06-08:00,0,33
style.css,13,css,1c631ec6,JunshuXin,2025-01-24,23:57:06,-08:00,2025-01-24T23:57:06-08:00,0,24
style.css,14,css,4f0fefa3,JunshuXin,2025-01-18,21:51:08,-08:00,2025-01-18T21:51:08-08:00,0,0
style.css,15,css,fb703c8d,JunshuXin,2025-01-18,23:06:26,-08:00,2025-01-18T23:06:26-08:00,0,6
style.css,16,css,fb703c8d,JunshuXin,2025-01-18,23:06:26,-08:00,2025-01-18T23:06:26-08:00,0,51
style.css,17,css,fb703c8d,JunshuXin,2025-01-18,23:06:26,-08:00,2025-01-18T23:06:26-08:00,0,61
style.css,18,css,1c631ec6,JunshuXin,2025-01-24,23:57:06,-08:00,2025-01-24T23:57:06-08:00,0,24
style.css,19,css,1c631ec6,JunshuXin,2025-01-24,23:57:06,-08:00,2025-01-24T23:57:06-08:00,0,19
style.css,20,css,1c631ec6,JunshuXin,2025-01-24,23:57:06,-08:00,2025-01-24T23:57:06-08:00,0,21
style.css,21,css,1c631ec6,JunshuXin,2025-01-24,23:57:06,-08:00,2025-01-24T23:57:06-08:00,0,0
style.css,22,css,1c631ec6,JunshuXin,2025-01-24,23:57:06,-08:00,2025-01-24T23:57:06-08:00,0,0
style.css,23,css,1c631ec6,JunshuXin,2025-01-24,23:57:06,-08:00,2025-01-24T23:57:06-08:00,0,30
style.css,24,css,1c631ec6,JunshuXin,2025-01-24,23:57:06,-08:00,2025-01-24T23:57:06-08:00,0,19
style.css,25,css,1c631ec6,JunshuXin,2025-01-24,23:57:06,-08:00,2025-01-24T23:57:06-08:00,0,21
style.css,26,css,1c631ec6,JunshuXin,2025-01-24,23:57:06,-08:00,2025-01-24T23:57:06-08:00,0,0
style.css,27,css,fb703c8d,JunshuXin,2025-01-18,23:06:26,-08:00,2025-01-18T23:06:26-08:00,0,0
style.css,28,css,4f0fefa3,JunshuXin,2025-01-18,21:51:08,-08:00,2025-01-18T21:51:08-08:00,0,0
style.css,29,css,4f0fefa3,JunshuXin,2025-01-18,21:51:08,-08:00,2025-01-18T21:51:08-08:00,0,29
style.css,30,css,4f0fefa3,JunshuXin,2025-01-18,21:51:08,-08:00,2025-01-18T21:51:08-08:00,0,4
style.css,31,css,fb703c8d,JunshuXin,2025-01-18,23:06:26,-08:00,2025-01-18T23:06:26-08:00,0,34
style.css,32,css,fb703c8d,JunshuXin,2025-01-18,23:06:26,-08:00,2025-01-18T23:06:26-08:00,0,55
style.css,33,css,fb703c8d,JunshuXin,2025-01-18,23:06:26,-08:00,2025-01-18T23:06:26-08:00,0,71
style.css,34,css,fb703c8d,JunshuXin,2025-01-18,23:06:26,-08:00,2025-01-18T23:06:26-08:00,0,32
style.css,35,css,fb703c8d,JunshuXin,2025-01-18,23:06:26,-08:00,2025-01-18T23:06:26-08:00,0,68
style.css,36,css,fb703c8d,JunshuXin,2025-01-18,23:06:26,-08:00,2025-01-18T23:06:26-08:00,0,43
style.css,37,css,4f0fefa3,JunshuXin,2025-01-18,21:51:08,-08:00,2025-01-18T21:51:08-08:00,0,0
style.css,38,css,4f0fefa3,JunshuXin,2025-01-18,21:51:08,-08:00,2025-01-18T21:51:08-08:00,0,0
style.css,39,css,4f0fefa3,JunshuXin,2025-01-18,21:51:08,-08:00,2025-01-18T21:51:08-08:00,0,6
style.css,40,css,fb703c8d,JunshuXin,2025-01-18,23:06:26,-08:00,2025-01-18T23:06:26-08:00,0,48
style.css,41,css,fb703c8d,JunshuXin,2025-01-18,23:06:26,-08:00,2025-01-18T23:06:26-08:00,0,44
style.css,42,css,fb703c8d,JunshuXin,2025-01-18,23:06:26,-08:00,2025-01-18T23:06:26-08:00,0,56
style.css,43,css,fb703c8d,JunshuXin,2025-01-18,23:06:26,-08:00,2025-01-18T23:06:26-08:00,0,49
style.css,44,css,fb703c8d,JunshuXin,2025-01-18,23:06:26,-08:00,2025-01-18T23:06:26-08:00,0,51
style.css,45,css,fb703c8d,JunshuXin,2025-01-18,23:06:26,-08:00,2025-01-18T23:06:26-08:00,0,49
style.css,46,css,fb703c8d,JunshuXin,2025-01-18,23:06:26,-08:00,2025-01-18T23:06:26-08:00,0,68
style.css,47,css,4f0fefa3,JunshuXin,2025-01-18,21:51:08,-08:00,2025-01-18T21:51:08-08:00,0,0
style.css,48,css,4f0fefa3,JunshuXin,2025-01-18,21:51:08,-08:00,2025-01-18T21:51:08-08:00,0,0
style.css,49,css,4f0fefa3,JunshuXin,2025-01-18,21:51:08,-08:00,2025-01-18T21:51:08-08:00,0,12
style.css,50,css,fb703c8d,JunshuXin,2025-01-18,23:06:26,-08:00,2025-01-18T23:06:26-08:00,0,47
style.css,51,css,fb703c8d,JunshuXin,2025-01-18,23:06:26,-08:00,2025-01-18T23:06:26-08:00,0,14
style.css,52,css,fb703c8d,JunshuXin,2025-01-18,23:06:26,-08:00,2025-01-18T23:06:26-08:00,0,81
style.css,53,css,fb703c8d,JunshuXin,2025-01-18,23:06:26,-08:00,2025-01-18T23:06:26-08:00,0,64
style.css,54,css,fb703c8d,JunshuXin,2025-01-18,23:06:26,-08:00,2025-01-18T23:06:26-08:00,0,0
style.css,55,css,4f0fefa3,JunshuXin,2025-01-18,21:51:08,-08:00,2025-01-18T21:51:08-08:00,0,19
style.css,56,css,4f0fefa3,JunshuXin,2025-01-18,21:51:08,-08:00,2025-01-18T21:51:08-08:00,0,11
style.css,57,css,4f0fefa3,JunshuXin,2025-01-18,21:51:08,-08:00,2025-01-18T21:51:08-08:00,0,46
style.css,58,css,4f0fefa3,JunshuXin,2025-01-18,21:51:08,-08:00,2025-01-18T21:51:08-08:00,0,0
style.css,59,css,4f0fefa3,JunshuXin,2025-01-18,21:51:08,-08:00,2025-01-18T21:51:08-08:00,0,0
style.css,60,css,4f0fefa3,JunshuXin,2025-01-18,21:51:08,-08:00,2025-01-18T21:51:08-08:00,0,17
style.css,61,css,4f0fefa3,JunshuXin,2025-01-18,21:51:08,-08:00,2025-01-18T21:51:08-08:00,0,4
style.css,62,css,4f0fefa3,JunshuXin,2025-01-18,21:51:08,-08:00,2025-01-18T21:51:08-08:00,0,70
style.css,63,css,4f0fefa3,JunshuXin,2025-01-18,21:51:08,-08:00,2025-01-18T21:51:08-08:00,0,40
style.css,64,css,4f0fefa3,JunshuXin,2025-01-18,21:51:08,-08:00,2025-01-18T21:51:08-08:00,0,14
style.css,65,css,4f0fefa3,JunshuXin,2025-01-18,21:51:08,-08:00,2025-01-18T21:51:08-08:00,0,56
style.css,66,css,4f0fefa3,JunshuXin,2025-01-18,21:51:08,-08:00,2025-01-18T21:51:08-08:00,0,0
style.css,67,css,4f0fefa3,JunshuXin,2025-01-18,21:51:08,-08:00,2025-01-18T21:51:08-08:00,0,0
style.css,68,css,4f0fefa3,JunshuXin,2025-01-18,21:51:08,-08:00,2025-01-18T21:51:08-08:00,0,21
style.css,69,css,4f0fefa3,JunshuXin,2025-01-18,21:51:08,-08:00,2025-01-18T21:51:08-08:00,0,2
style.css,70,css,4f0fefa3,JunshuXin,2025-01-18,21:51:08,-08:00,2025-01-18T21:51:08-08:00,0,19
style.css,71,css,4f0fefa3,JunshuXin,2025-01-18,21:51:08,-08:00,2025-01-18T21:51:08-08:00,0,0
style.css,72,css,4f0fefa3,JunshuXin,2025-01-18,21:51:08,-08:00,2025-01-18T21:51:08-08:00,0,0
style.css,73,css,4f0fefa3,JunshuXin,2025-01-18,21:51:08,-08:00,2025-01-18T21:51:08-08:00,0,35
style.css,74,css,4f0fefa3,JunshuXin,2025-01-18,21:51:08,-08:00,2025-01-18T21:51:08-08:00,0,7
style.css,75,css,4f0fefa3,JunshuXin,2025-01-18,21:51:08,-08:00,2025-01-18T21:51:08-08:00,0,18
style.css,76,css,4f0fefa3,JunshuXin,2025-01-18,21:51:08,-08:00,2025-01-18T21:51:08-08:00,0,16
style.css,77,css,4f0fefa3,JunshuXin,2025-01-18,21:51:08,-08:00,2025-01-18T21:51:08-08:00,0,13
style.css,78,css,4f0fefa3,JunshuXin,2025-01-18,21:51:08,-08:00,2025-01-18T21:51:08-08:00,0,52
style.css,79,css,4f0fefa3,JunshuXin,2025-01-18,21:51:08,-08:00,2025-01-18T21:51:08-08:00,0,12
style.css,80,css,4f0fefa3,JunshuXin,2025-01-18,21:51:08,-08:00,2025-01-18T21:51:08-08:00,0,17
style.css,81,css,4f0fefa3,JunshuXin,2025-01-18,21:51:08,-08:00,2025-01-18T21:51:08-08:00,0,0
style.css,82,css,fb703c8d,JunshuXin,2025-01-18,23:06:26,-08:00,2025-01-18T23:06:26-08:00,0,33
style.css,83,css,fb703c8d,JunshuXin,2025-01-18,23:06:26,-08:00,2025-01-18T23:06:26-08:00,0,5
style.css,84,css,fb703c8d,JunshuXin,2025-01-18,23:06:26,-08:00,2025-01-18T23:06:26-08:00,0,49
style.css,85,css,fb703c8d,JunshuXin,2025-01-18,23:06:26,-08:00,2025-01-18T23:06:26-08:00,0,82
style.css,86,css,fb703c8d,JunshuXin,2025-01-18,23:06:26,-08:00,2025-01-18T23:06:26-08:00,0,45
style.css,87,css,fb703c8d,JunshuXin,2025-01-18,23:06:26,-08:00,2025-01-18T23:06:26-08:00,0,39
style.css,88,css,fb703c8d,JunshuXin,2025-01-18,23:06:26,-08:00,2025-01-18T23:06:26-08:00,0,52
style.css,89,css,fb703c8d,JunshuXin,2025-01-18,23:06:26,-08:00,2025-01-18T23:06:26-08:00,0,12
style.css,90,css,fb703c8d,JunshuXin,2025-01-18,23:06:26,-08:00,2025-01-18T23:06:26-08:00,0,74
style.css,91,css,fb703c8d,JunshuXin,2025-01-18,23:06:26,-08:00,2025-01-18T23:06:26-08:00,0,40
style.css,92,css,fb703c8d,JunshuXin,2025-01-18,23:06:26,-08:00,2025-01-18T23:06:26-08:00,0,65
style.css,93,css,fb703c8d,JunshuXin,2025-01-18,23:06:26,-08:00,2025-01-18T23:06:26-08:00,0,70
style.css,94,css,fb703c8d,JunshuXin,2025-01-18,23:06:26,-08:00,2025-01-18T23:06:26-08:00,0,0
style.css,95,css,fb703c8d,JunshuXin,2025-01-18,23:06:26,-08:00,2025-01-18T23:06:26-08:00,0,0
style.css,96,css,fb703c8d,JunshuXin,2025-01-18,23:06:26,-08:00,2025-01-18T23:06:26-08:00,0,17
style.css,97,css,fb703c8d,JunshuXin,2025-01-18,23:06:26,-08:00,2025-01-18T23:06:26-08:00,0,6
style.css,98,css,fb703c8d,JunshuXin,2025-01-18,23:06:26,-08:00,2025-01-18T23:06:26-08:00,0,51
style.css,99,css,fb703c8d,JunshuXin,2025-01-18,23:06:26,-08:00,2025-01-18T23:06:26-08:00,0,54
style.css,100,css,fb703c8d,JunshuXin,2025-01-18,23:06:26,-08:00,2025-01-18T23:06:26-08:00,0,40
style.css,101,css,fb703c8d,JunshuXin,2025-01-18,23:06:26,-08:00,2025-01-18T23:06:26-08:00,0,0
style.css,102,css,fb703c8d,JunshuXin,2025-01-18,23:06:26,-08:00,2025-01-18T23:06:26-08:00,0,0
style.css,103,css,fb703c8d,JunshuXin,2025-01-18,23:06:26,-08:00,2025-01-18T23:06:26-08:00,0,30
style.css,104,css,fb703c8d,JunshuXin,2025-01-18,23:06:26,-08:00,2025-01-18T23:06:26-08:00,0,16
style.css,105,css,fb703c8d,JunshuXin,2025-01-18,23:06:26,-08:00,2025-01-18T23:06:26-08:00,0,49
style.css,106,css,fb703c8d,JunshuXin,2025-01-18,23:06:26,-08:00,2025-01-18T23:06:26-08:00,0,53
style.css,107,css,fb703c8d,JunshuXin,2025-01-18,23:06:26,-08:00,2025-01-18T23:06:26-08:00,0,70
style.css,108,css,fb703c8d,JunshuXin,2025-01-18,23:06:26,-08:00,2025-01-18T23:06:26-08:00,0,49
style.css,109,css,fb703c8d,JunshuXin,2025-01-18,23:06:26,-08:00,2025-01-18T23:06:26-08:00,0,64
style.css,110,css,fb703c8d,JunshuXin,2025-01-18,23:06:26,-08:00,2025-01-18T23:06:26-08:00,0,42
style.css,111,css,fb703c8d,JunshuXin,2025-01-18,23:06:26,-08:00,2025-01-18T23:06:26-08:00,0,0
style.css,112,css,fb703c8d,JunshuXin,2025-01-18,23:06:26,-08:00,2025-01-18T23:06:26-08:00,0,0
style.css,113,css,fb703c8d,JunshuXin,2025-01-18,23:06:26,-08:00,2025-01-18T23:06:26-08:00,0,28
style.css,114,css,fb703c8d,JunshuXin,2025-01-18,23:06:26,-08:00,2025-01-18T23:06:26-08:00,0,7
style.css,115,css,fb703c8d,JunshuXin,2025-01-18,23:06:26,-08:00,2025-01-18T23:06:26-08:00,0,57
style.css,116,css,fb703c8d,JunshuXin,2025-01-18,23:06:26,-08:00,2025-01-18T23:06:26-08:00,0,15
style.css,117,css,fb703c8d,JunshuXin,2025-01-18,23:06:26,-08:00,2025-01-18T23:06:26-08:00,0,67
style.css,118,css,fb703c8d,JunshuXin,2025-01-18,23:06:26,-08:00,2025-01-18T23:06:26-08:00,0,42
style.css,119,css,fb703c8d,JunshuXin,2025-01-18,23:06:26,-08:00,2025-01-18T23:06:26-08:00,0,40
style.css,120,css,fb703c8d,JunshuXin,2025-01-18,23:06:26,-08:00,2025-01-18T23:06:26-08:00,0,49
style.css,121,css,fb703c8d,JunshuXin,2025-01-18,23:06:26,-08:00,2025-01-18T23:06:26-08:00,0,15
style.css,122,css,fb703c8d,JunshuXin,2025-01-18,23:06:26,-08:00,2025-01-18T23:06:26-08:00,0,15
style.css,123,css,fb703c8d,JunshuXin,2025-01-18,23:06:26,-08:00,2025-01-18T23:06:26-08:00,0,18
style.css,124,css,fb703c8d,JunshuXin,2025-01-18,23:06:26,-08:00,2025-01-18T23:06:26-08:00,0,0
style.css,125,css,fb703c8d,JunshuXin,2025-01-18,23:06:26,-08:00,2025-01-18T23:06:26-08:00,0,0
style.css,126,css,fb703c8d,JunshuXin,2025-01-18,23:06:26,-08:00,2025-01-18T23:06:26-08:00,0,35
style.css,127,css,fb703c8d,JunshuXin,2025-01-18,23:06:26,-08:00,2025-01-18T23:06:26-08:00,0,13
style.css,128,css,fb703c8d,JunshuXin,2025-01-18,23:06:26,-08:00,2025-01-18T23:06:26-08:00,0,64
style.css,129,css,fb703c8d,JunshuXin,2025-01-18,23:06:26,-08:00,2025-01-18T23:06:26-08:00,0,0
style.css,130,css,fb703c8d,JunshuXin,2025-01-18,23:06:26,-08:00,2025-01-18T23:06:26-08:00,0,0
style.css,131,css,fb703c8d,JunshuXin,2025-01-18,23:06:26,-08:00,2025-01-18T23:06:26-08:00,0,48
style.css,132,css,fb703c8d,JunshuXin,2025-01-18,23:06:26,-08:00,2025-01-18T23:06:26-08:00,0,14
style.css,133,css,fb703c8d,JunshuXin,2025-01-18,23:06:26,-08:00,2025-01-18T23:06:26-08:00,0,46
style.css,134,css,fb703c8d,JunshuXin,2025-01-18,23:06:26,-08:00,2025-01-18T23:06:26-08:00,0,21
style.css,135,css,fb703c8d,JunshuXin,2025-01-18,23:06:26,-08:00,2025-01-18T23:06:26-08:00,0,0
style.css,136,css,fb703c8d,JunshuXin,2025-01-18,23:06:26,-08:00,2025-01-18T23:06:26-08:00,0,10
style.css,137,css,fb703c8d,JunshuXin,2025-01-18,23:06:26,-08:00,2025-01-18T23:06:26-08:00,0,38
style.css,138,css,fb703c8d,JunshuXin,2025-01-18,23:06:26,-08:00,2025-01-18T23:06:26-08:00,0,81
style.css,139,css,edb624d8,JunshuXin,2025-01-18,23:14:37,-08:00,2025-01-18T23:14:37-08:00,0,59
style.css,140,css,edb624d8,JunshuXin,2025-01-18,23:14:37,-08:00,2025-01-18T23:14:37-08:00,0,41
style.css,141,css,edb624d8,JunshuXin,2025-01-18,23:14:37,-08:00,2025-01-18T23:14:37-08:00,0,12
style.css,142,css,edb624d8,JunshuXin,2025-01-18,23:14:37,-08:00,2025-01-18T23:14:37-08:00,0,40
style.css,143,css,edb624d8,JunshuXin,2025-01-18,23:14:37,-08:00,2025-01-18T23:14:37-08:00,0,42
style.css,144,css,edb624d8,JunshuXin,2025-01-18,23:14:37,-08:00,2025-01-18T23:14:37-08:00,0,0
style.css,145,css,edb624d8,JunshuXin,2025-01-18,23:14:37,-08:00,2025-01-18T23:14:37-08:00,0,0
style.css,146,css,edb624d8,JunshuXin,2025-01-18,23:14:37,-08:00,2025-01-18T23:14:37-08:00,0,29
style.css,147,css,edb624d8,JunshuXin,2025-01-18,23:14:37,-08:00,2025-01-18T23:14:37-08:00,0,18
style.css,148,css,edb624d8,JunshuXin,2025-01-18,23:14:37,-08:00,2025-01-18T23:14:37-08:00,0,47
style.css,149,css,edb624d8,JunshuXin,2025-01-18,23:14:37,-08:00,2025-01-18T23:14:37-08:00,0,74
style.css,150,css,edb624d8,JunshuXin,2025-01-18,23:14:37,-08:00,2025-01-18T23:14:37-08:00,0,45
style.css,151,css,edb624d8,JunshuXin,2025-01-18,23:14:37,-08:00,2025-01-18T23:14:37-08:00,0,48
style.css,152,css,fb703c8d,JunshuXin,2025-01-18,23:06:26,-08:00,2025-01-18T23:06:26-08:00,0,22
style.css,153,css,fb703c8d,JunshuXin,2025-01-18,23:06:26,-08:00,2025-01-18T23:06:26-08:00,0,18
style.css,154,css,fb703c8d,JunshuXin,2025-01-18,23:06:26,-08:00,2025-01-18T23:06:26-08:00,0,12
style.css,155,css,fb703c8d,JunshuXin,2025-01-18,23:06:26,-08:00,2025-01-18T23:06:26-08:00,0,22
style.css,156,css,edb624d8,JunshuXin,2025-01-18,23:14:37,-08:00,2025-01-18T23:14:37-08:00,0,70
style.css,157,css,edb624d8,JunshuXin,2025-01-18,23:14:37,-08:00,2025-01-18T23:14:37-08:00,0,66
style.css,158,css,fb703c8d,JunshuXin,2025-01-18,23:06:26,-08:00,2025-01-18T23:06:26-08:00,0,0
style.css,159,css,fb703c8d,JunshuXin,2025-01-18,23:06:26,-08:00,2025-01-18T23:06:26-08:00,0,0
style.css,160,css,edb624d8,JunshuXin,2025-01-18,23:14:37,-08:00,2025-01-18T23:14:37-08:00,0,24
style.css,161,css,edb624d8,JunshuXin,2025-01-18,23:14:37,-08:00,2025-01-18T23:14:37-08:00,0,61
style.css,162,css,fb703c8d,JunshuXin,2025-01-18,23:06:26,-08:00,2025-01-18T23:06:26-08:00,0,71
style.css,163,css,fb703c8d,JunshuXin,2025-01-18,23:06:26,-08:00,2025-01-18T23:06:26-08:00,0,0
style.css,164,css,fb703c8d,JunshuXin,2025-01-18,23:06:26,-08:00,2025-01-18T23:06:26-08:00,0,0
style.css,165,css,edb624d8,JunshuXin,2025-01-18,23:14:37,-08:00,2025-01-18T23:14:37-08:00,0,41
style.css,166,css,edb624d8,JunshuXin,2025-01-18,23:14:37,-08:00,2025-01-18T23:14:37-08:00,0,13
style.css,167,css,edb624d8,JunshuXin,2025-01-18,23:14:37,-08:00,2025-01-18T23:14:37-08:00,0,47
style.css,168,css,edb624d8,JunshuXin,2025-01-18,23:14:37,-08:00,2025-01-18T23:14:37-08:00,0,17
style.css,169,css,fb703c8d,JunshuXin,2025-01-18,23:06:26,-08:00,2025-01-18T23:06:26-08:00,0,33
style.css,170,css,edb624d8,JunshuXin,2025-01-18,23:14:37,-08:00,2025-01-18T23:14:37-08:00,0,18
style.css,171,css,edb624d8,JunshuXin,2025-01-18,23:14:37,-08:00,2025-01-18T23:14:37-08:00,0,51
style.css,172,css,edb624d8,JunshuXin,2025-01-18,23:14:37,-08:00,2025-01-18T23:14:37-08:00,0,36
style.css,173,css,edb624d8,JunshuXin,2025-01-18,23:14:37,-08:00,2025-01-18T23:14:37-08:00,0,62
style.css,174,css,fb703c8d,JunshuXin,2025-01-18,23:06:26,-08:00,2025-01-18T23:06:26-08:00,0,0
style.css,175,css,fb703c8d,JunshuXin,2025-01-18,23:06:26,-08:00,2025-01-18T23:06:26-08:00,0,0
style.css,176,css,edb624d8,JunshuXin,2025-01-18,23:14:37,-08:00,2025-01-18T23:14:37-08:00,0,11
style.css,177,css,edb624d8,JunshuXin,2025-01-18,23:14:37,-08:00,2025-01-18T23:14:37-08:00,0,14
style.css,178,css,edb624d8,JunshuXin,2025-01-18,23:14:37,-08:00,2025-01-18T23:14:37-08:00,0,14
style.css,179,css,edb624d8,JunshuXin,2025-01-18,23:14:37,-08:00,2025-01-18T23:14:37-08:00,0,53
style.css,180,css,edb624d8,JunshuXin,2025-01-18,23:14:37,-08:00,2025-01-18T23:14:37-08:00,0,43
style.css,181,css,edb624d8,JunshuXin,2025-01-18,23:14:37,-08:00,2025-01-18T23:14:37-08:00,0,66
style.css,182,css,edb624d8,JunshuXin,2025-01-18,23:14:37,-08:00,2025-01-18T23:14:37-08:00,0,43
style.css,183,css,edb624d8,JunshuXin,2025-01-18,23:14:37,-08:00,2025-01-18T23:14:37-08:00,0,14
style.css,184,css,edb624d8,JunshuXin,2025-01-18,23:14:37,-08:00,2025-01-18T23:14:37-08:00,0,0
style.css,185,css,fb703c8d,JunshuXin,2025-01-18,23:06:26,-08:00,2025-01-18T23:06:26-08:00,0,0
style.css,186,css,edb624d8,JunshuXin,2025-01-18,23:14:37,-08:00,2025-01-18T23:14:37-08:00,0,17
style.css,187,css,edb624d8,JunshuXin,2025-01-18,23:14:37,-08:00,2025-01-18T23:14:37-08:00,0,12
style.css,188,css,edb624d8,JunshuXin,2025-01-18,23:14:37,-08:00,2025-01-18T23:14:37-08:00,0,40
style.css,189,css,edb624d8,JunshuXin,2025-01-18,23:14:37,-08:00,2025-01-18T23:14:37-08:00,0,35
style.css,190,css,edb624d8,JunshuXin,2025-01-18,23:14:37,-08:00,2025-01-18T23:14:37-08:00,0,18
style.css,191,css,edb624d8,JunshuXin,2025-01-18,23:14:37,-08:00,2025-01-18T23:14:37-08:00,0,42
style.css,192,css,edb624d8,JunshuXin,2025-01-18,23:14:37,-08:00,2025-01-18T23:14:37-08:00,0,42
style.css,193,css,1c631ec6,JunshuXin,2025-01-24,23:57:06,-08:00,2025-01-24T23:57:06-08:00,0,0
style.css,194,css,1c631ec6,JunshuXin,2025-01-24,23:57:06,-08:00,2025-01-24T23:57:06-08:00,0,0
style.css,195,css,1c631ec6,JunshuXin,2025-01-24,23:57:06,-08:00,2025-01-24T23:57:06-08:00,0,4
style.css,196,css,1c631ec6,JunshuXin,2025-01-24,23:57:06,-08:00,2025-01-24T23:57:06-08:00,0,40
style.css,197,css,1c631ec6,JunshuXin,2025-01-24,23:57:06,-08:00,2025-01-24T23:57:06-08:00,0,42
style.css,198,css,1c631ec6,JunshuXin,2025-01-24,23:57:06,-08:00,2025-01-24T23:57:06-08:00,0,0
style.css,199,css,1c631ec6,JunshuXin,2025-01-24,23:57:06,-08:00,2025-01-24T23:57:06-08:00,0,0
style.css,200,css,1c631ec6,JunshuXin,2025-01-24,23:57:06,-08:00,2025-01-24T23:57:06-08:00,0,0
style.css,201,css,1c631ec6,JunshuXin,2025-01-24,23:57:06,-08:00,2025-01-24T23:57:06-08:00,0,0
style.css,202,css,1c631ec6,JunshuXin,2025-01-24,23:57:06,-08:00,2025-01-24T23:57:06-08:00,0,14
style.css,203,css,4cfdf4d6,JunshuXin,2025-02-08,22:09:05,-08:00,2025-02-08T22:09:05-08:00,0,62
style.css,204,css,4cfdf4d6,JunshuXin,2025-02-08,22:09:05,-08:00,2025-02-08T22:09:05-08:00,0,37
style.css,205,css,4cfdf4d6,JunshuXin,2025-02-08,22:09:05,-08:00,2025-02-08T22:09:05-08:00,0,48
style.css,206,css,1c631ec6,JunshuXin,2025-01-24,23:57:06,-08:00,2025-01-24T23:57:06-08:00,0,64
style.css,207,css,1c631ec6,JunshuXin,2025-01-24,23:57:06,-08:00,2025-01-24T23:57:06-08:00,0,35
style.css,208,css,1c631ec6,JunshuXin,2025-01-24,23:57:06,-08:00,2025-01-24T23:57:06-08:00,0,39
style.css,209,css,1c631ec6,JunshuXin,2025-01-24,23:57:06,-08:00,2025-01-24T23:57:06-08:00,0,63
style.css,210,css,1c631ec6,JunshuXin,2025-01-24,23:57:06,-08:00,2025-01-24T23:57:06-08:00,0,62
style.css,211,css,1c631ec6,JunshuXin,2025-01-24,23:57:06,-08:00,2025-01-24T23:57:06-08:00,0,0
style.css,212,css,1c631ec6,JunshuXin,2025-01-24,23:57:06,-08:00,2025-01-24T23:57:06-08:00,0,0
style.css,213,css,1c631ec6,JunshuXin,2025-01-24,23:57:06,-08:00,2025-01-24T23:57:06-08:00,0,7
style.css,214,css,1c631ec6,JunshuXin,2025-01-24,23:57:06,-08:00,2025-01-24T23:57:06-08:00,0,12
style.css,215,css,1c631ec6,JunshuXin,2025-01-24,23:57:06,-08:00,2025-01-24T23:57:06-08:00,0,18
style.css,216,css,1c631ec6,JunshuXin,2025-01-24,23:57:06,-08:00,2025-01-24T23:57:06-08:00,0,22
style.css,217,css,1c631ec6,JunshuXin,2025-01-24,23:57:06,-08:00,2025-01-24T23:57:06-08:00,0,48
style.css,218,css,1c631ec6,JunshuXin,2025-01-24,23:57:06,-08:00,2025-01-24T23:57:06-08:00,0,0
style.css,219,css,4cfdf4d6,JunshuXin,2025-02-08,22:09:05,-08:00,2025-02-08T22:09:05-08:00,0,14
style.css,220,css,4cfdf4d6,JunshuXin,2025-02-08,22:09:05,-08:00,2025-02-08T22:09:05-08:00,0,18
style.css,221,css,4cfdf4d6,JunshuXin,2025-02-08,22:09:05,-08:00,2025-02-08T22:09:05-08:00,0,8
style.css,222,css,4cfdf4d6,JunshuXin,2025-02-08,22:09:05,-08:00,2025-02-08T22:09:05-08:00,0,48
style.css,223,css,4cfdf4d6,JunshuXin,2025-02-08,22:09:05,-08:00,2025-02-08T22:09:05-08:00,0,0
style.css,224,css,4cfdf4d6,JunshuXin,2025-02-08,22:09:05,-08:00,2025-02-08T22:09:05-08:00,0,0
style.css,225,css,4cfdf4d6,JunshuXin,2025-02-08,22:09:05,-08:00,2025-02-08T22:09:05-08:00,0,15
style.css,226,css,4cfdf4d6,JunshuXin,2025-02-08,22:09:05,-08:00,2025-02-08T22:09:05-08:00,0,13
style.css,227,css,4cfdf4d6,JunshuXin,2025-02-08,22:09:05,-08:00,2025-02-08T22:09:05-08:00,0,30
style.css,228,css,4cfdf4d6,JunshuXin,2025-02-08,22:09:05,-08:00,2025-02-08T22:09:05-08:00,0,19
style.css,229,css,4cfdf4d6,JunshuXin,2025-02-08,22:09:05,-08:00,2025-02-08T22:09:05-08:00,0,60
style.css,230,css,4cfdf4d6,JunshuXin,2025-02-08,22:09:05,-08:00,2025-02-08T22:09:05-08:00,0,18
style.css,231,css,4cfdf4d6,JunshuXin,2025-02-08,22:09:05,-08:00,2025-02-08T22:09:05-08:00,0,0
style.css,232,css,4cfdf4d6,JunshuXin,2025-02-08,22:09:05,-08:00,2025-02-08T22:09:05-08:00,0,0
style.css,233,css,4cfdf4d6,JunshuXin,2025-02-08,22:09:05,-08:00,2025-02-08T22:09:05-08:00,0,6
style.css,234,css,4cfdf4d6,JunshuXin,2025-02-08,22:09:05,-08:00,2025-02-08T22:09:05-08:00,0,44
style.css,235,css,4cfdf4d6,JunshuXin,2025-02-08,22:09:05,-08:00,2025-02-08T22:09:05-08:00,0,21
style.css,236,css,4cfdf4d6,JunshuXin,2025-02-08,22:09:05,-08:00,2025-02-08T22:09:05-08:00,0,12
style.css,237,css,4cfdf4d6,JunshuXin,2025-02-08,22:09:05,-08:00,2025-02-08T22:09:05-08:00,0,17
style.css,238,css,4cfdf4d6,JunshuXin,2025-02-08,22:09:05,-08:00,2025-02-08T22:09:05-08:00,0,0
style.css,239,css,4cfdf4d6,JunshuXin,2025-02-08,22:09:05,-08:00,2025-02-08T22:09:05-08:00,0,0
style.css,240,css,4cfdf4d6,JunshuXin,2025-02-08,22:09:05,-08:00,2025-02-08T22:09:05-08:00,0,14
style.css,241,css,4cfdf4d6,JunshuXin,2025-02-08,22:09:05,-08:00,2025-02-08T22:09:05-08:00,0,17
style.css,242,css,4cfdf4d6,JunshuXin,2025-02-08,22:09:05,-08:00,2025-02-08T22:09:05-08:00,0,48
style.css,243,css,4cfdf4d6,JunshuXin,2025-02-08,22:09:05,-08:00,2025-02-08T22:09:05-08:00,0,0
style.css,244,css,a147fda8,JunshuXin,2025-02-08,23:09:34,-08:00,2025-02-08T23:09:34-08:00,0,14
style.css,245,css,a147fda8,JunshuXin,2025-02-08,23:09:34,-08:00,2025-02-08T23:09:34-08:00,0,13
style.css,246,css,a147fda8,JunshuXin,2025-02-08,23:09:34,-08:00,2025-02-08T23:09:34-08:00,0,66
style.css,247,css,a147fda8,JunshuXin,2025-02-08,23:09:34,-08:00,2025-02-08T23:09:34-08:00,0,57
style.css,248,css,a147fda8,JunshuXin,2025-02-08,23:09:34,-08:00,2025-02-08T23:09:34-08:00,0,42
style.css,249,css,a147fda8,JunshuXin,2025-02-08,23:09:34,-08:00,2025-02-08T23:09:34-08:00,0,53
style.css,250,css,a147fda8,JunshuXin,2025-02-08,23:09:34,-08:00,2025-02-08T23:09:34-08:00,0,0
style.css,251,css,4cfdf4d6,JunshuXin,2025-02-08,22:09:05,-08:00,2025-02-08T22:09:05-08:00,0,0
style.css,252,css,7d74e094,JunshuXin,2025-02-08,22:33:25,-08:00,2025-02-08T22:33:25-08:00,0,14
style.css,253,css,7d74e094,JunshuXin,2025-02-08,22:33:25,-08:00,2025-02-08T22:33:25-08:00,0,61
style.css,254,css,7d74e094,JunshuXin,2025-02-08,22:33:25,-08:00,2025-02-08T22:33:25-08:00,0,35
style.css,255,css,7d74e094,JunshuXin,2025-02-08,22:33:25,-08:00,2025-02-08T22:33:25-08:00,0,18
style.css,256,css,7d74e094,JunshuXin,2025-02-08,22:33:25,-08:00,2025-02-08T22:33:25-08:00,0,11
style.css,257,css,7d74e094,JunshuXin,2025-02-08,22:33:25,-08:00,2025-02-08T22:33:25-08:00,0,15
style.css,258,css,7d74e094,JunshuXin,2025-02-08,22:33:25,-08:00,2025-02-08T22:33:25-08:00,0,0
style.css,259,css,8a5d0e77,JunshuXin,2025-02-08,22:45:03,-08:00,2025-02-08T22:45:03-08:00,0,19
style.css,260,css,a147fda8,JunshuXin,2025-02-08,23:09:34,-08:00,2025-02-08T23:09:34-08:00,0,34
style.css,261,css,a147fda8,JunshuXin,2025-02-08,23:09:34,-08:00,2025-02-08T23:09:34-08:00,0,35
style.css,262,css,8a5d0e77,JunshuXin,2025-02-08,22:45:03,-08:00,2025-02-08T22:45:03-08:00,0,15
style.css,263,css,a147fda8,JunshuXin,2025-02-08,23:09:34,-08:00,2025-02-08T23:09:34-08:00,0,16
style.css,264,css,a147fda8,JunshuXin,2025-02-08,23:09:34,-08:00,2025-02-08T23:09:34-08:00,0,35
style.css,265,css,a147fda8,JunshuXin,2025-02-08,23:09:34,-08:00,2025-02-08T23:09:34-08:00,0,50
style.css,266,css,a147fda8,JunshuXin,2025-02-08,23:09:34,-08:00,2025-02-08T23:09:34-08:00,0,47
style.css,267,css,a147fda8,JunshuXin,2025-02-08,23:09:34,-08:00,2025-02-08T23:09:34-08:00,0,0
style.css,268,css,1c631ec6,JunshuXin,2025-01-24,23:57:06,-08:00,2025-01-24T23:57:06-08:00,0,0
index.js,1,js,28687156,JunshuXin,2025-02-08,21:15:41,-08:00,2025-02-08T21:15:41-08:00,0,75
index.js,2,js,c19d155b,JunshuXin,2025-02-01,23:13:29,-08:00,2025-02-01T23:13:29-08:00,0,0
index.js,3,js,c19d155b,JunshuXin,2025-02-01,23:13:29,-08:00,2025-02-01T23:13:29-08:00,0,36
index.js,4,js,c19d155b,JunshuXin,2025-02-01,23:13:29,-08:00,2025-02-01T23:13:29-08:00,0,55
index.js,5,js,c19d155b,JunshuXin,2025-02-01,23:13:29,-08:00,2025-02-01T23:13:29-08:00,0,43
index.js,6,js,2a3d66ea,JunshuXin,2025-02-07,21:43:10,-08:00,2025-02-07T21:43:10-08:00,0,0
index.js,7,js,c19d155b,JunshuXin,2025-02-01,23:13:29,-08:00,2025-02-01T23:13:29-08:00,0,61
index.js,8,js,c19d155b,JunshuXin,2025-02-01,23:13:29,-08:00,2025-02-01T23:13:29-08:00,0,0
index.js,9,js,c19d155b,JunshuXin,2025-02-01,23:13:29,-08:00,2025-02-01T23:13:29-08:00,0,23
index.js,10,js,c19d155b,JunshuXin,2025-02-01,23:13:29,-08:00,2025-02-01T23:13:29-08:00,0,55
index.js,11,js,c19d155b,JunshuXin,2025-02-01,23:13:29,-08:00,2025-02-01T23:13:29-08:00,0,0
index.js,12,js,c19d155b,JunshuXin,2025-02-01,23:13:29,-08:00,2025-02-01T23:13:29-08:00,0,0
index.js,13,js,c19d155b,JunshuXin,2025-02-01,23:13:29,-08:00,2025-02-01T23:13:29-08:00,0,0
index.js,14,js,c19d155b,JunshuXin,2025-02-01,23:13:29,-08:00,2025-02-01T23:13:29-08:00,0,18
index.js,15,js,c19d155b,JunshuXin,2025-02-01,23:13:29,-08:00,2025-02-01T23:13:29-08:00,0,33
index.js,16,js,c19d155b,JunshuXin,2025-02-01,23:13:29,-08:00,2025-02-01T23:13:29-08:00,0,91
index.js,17,js,c19d155b,JunshuXin,2025-02-01,23:13:29,-08:00,2025-02-01T23:13:29-08:00,0,61
index.js,18,js,c19d155b,JunshuXin,2025-02-01,23:13:29,-08:00,2025-02-01T23:13:29-08:00,0,0
index.js,19,js,c19d155b,JunshuXin,2025-02-01,23:13:29,-08:00,2025-02-01T23:13:29-08:00,0,18
index.js,20,js,c19d155b,JunshuXin,2025-02-01,23:13:29,-08:00,2025-02-01T23:13:29-08:00,0,25
index.js,21,js,c19d155b,JunshuXin,2025-02-01,23:13:29,-08:00,2025-02-01T23:13:29-08:00,0,3
index.js,22,js,c19d155b,JunshuXin,2025-02-01,23:13:29,-08:00,2025-02-01T23:13:29-08:00,0,56
index.js,23,js,c19d155b,JunshuXin,2025-02-01,23:13:29,-08:00,2025-02-01T23:13:29-08:00,0,56
index.js,24,js,c19d155b,JunshuXin,2025-02-01,23:13:29,-08:00,2025-02-01T23:13:29-08:00,0,50
index.js,25,js,c19d155b,JunshuXin,2025-02-01,23:13:29,-08:00,2025-02-01T23:13:29-08:00,0,50
index.js,26,js,c19d155b,JunshuXin,2025-02-01,23:13:29,-08:00,2025-02-01T23:13:29-08:00,0,4
index.js,27,js,c19d155b,JunshuXin,2025-02-01,23:13:29,-08:00,2025-02-01T23:13:29-08:00,0,1
index.js,28,js,c19d155b,JunshuXin,2025-02-01,23:13:29,-08:00,2025-02-01T23:13:29-08:00,0,0
index.js,29,js,c19d155b,JunshuXin,2025-02-01,23:13:29,-08:00,2025-02-01T23:13:29-08:00,0,0
index.js,30,js,c19d155b,JunshuXin,2025-02-01,23:13:29,-08:00,2025-02-01T23:13:29-08:00,0,0
index.js,31,js,c19d155b,JunshuXin,2025-02-01,23:13:29,-08:00,2025-02-01T23:13:29-08:00,0,20
index.js,32,js,c19d155b,JunshuXin,2025-02-01,23:13:29,-08:00,2025-02-01T23:13:29-08:00,0,17
index.html,1,html,ae2f8f25,JunshuXin,2025-01-17,18:30:38,-08:00,2025-01-17T18:30:38-08:00,0,14
index.html,2,html,ae2f8f25,JunshuXin,2025-01-17,18:30:38,-08:00,2025-01-17T18:30:38-08:00,0,15
index.html,3,html,ae2f8f25,JunshuXin,2025-01-17,18:30:38,-08:00,2025-01-17T18:30:38-08:00,0,5
index.html,4,html,ae2f8f25,JunshuXin,2025-01-17,18:30:38,-08:00,2025-01-17T18:30:38-08:00,0,21
index.html,5,html,ae2f8f25,JunshuXin,2025-01-17,18:30:38,-08:00,2025-01-17T18:30:38-08:00,0,69
index.html,6,html,e833006a,JunshuXin,2025-01-18,21:58:21,-08:00,2025-01-18T21:58:21-08:00,0,53
index.html,7,html,682cfdd5,JunshuXin,2025-01-17,19:34:28,-08:00,2025-01-17T19:34:28-08:00,0,39
index.html,8,html,f3395705,JunshuXin,2025-02-08,21:19:19,-08:00,2025-02-08T21:19:19-08:00,0,51
index.html,9,html,1c631ec6,JunshuXin,2025-01-24,23:57:06,-08:00,2025-01-24T23:57:06-08:00,0,0
index.html,10,html,ae2f8f25,JunshuXin,2025-01-17,18:30:38,-08:00,2025-01-17T18:30:38-08:00,0,6
index.html,11,html,ae2f8f25,JunshuXin,2025-01-17,18:30:38,-08:00,2025-01-17T18:30:38-08:00,0,5
index.html,12,html,6a027f2a,JunshuXin,2025-02-05,16:11:42,-08:00,2025-02-05T16:11:42-08:00,0,0
index.html,13,html,1c631ec6,JunshuXin,2025-01-24,23:57:06,-08:00,2025-01-24T23:57:06-08:00,0,9
index.html,14,html,682cfdd5,JunshuXin,2025-01-17,19:34:28,-08:00,2025-01-17T19:34:28-08:00,0,28
index.html,15,html,682cfdd5,JunshuXin,2025-01-17,19:34:28,-08:00,2025-01-17T19:34:28-08:00,0,41
index.html,16,html,682cfdd5,JunshuXin,2025-01-17,19:34:28,-08:00,2025-01-17T19:34:28-08:00,0,39
index.html,17,html,682cfdd5,JunshuXin,2025-01-17,19:34:28,-08:00,2025-01-17T19:34:28-08:00,0,64
index.html,18,html,f74dbf3d,JunshuXin,2025-01-17,23:04:10,-08:00,2025-01-17T23:04:10-08:00,0,37
index.html,19,html,1c631ec6,JunshuXin,2025-01-24,23:57:06,-08:00,2025-01-24T23:57:06-08:00,0,9
index.html,20,html,e833006a,JunshuXin,2025-01-18,21:58:21,-08:00,2025-01-18T21:58:21-08:00,0,0
index.html,21,html,ae2f8f25,JunshuXin,2025-01-17,18:30:38,-08:00,2025-01-17T18:30:38-08:00,0,18
index.html,22,html,ae2f8f25,JunshuXin,2025-01-17,18:30:38,-08:00,2025-01-17T18:30:38-08:00,0,48
index.html,23,html,e833006a,JunshuXin,2025-01-18,21:58:21,-08:00,2025-01-18T21:58:21-08:00,0,59
index.html,24,html,e833006a,JunshuXin,2025-01-18,21:58:21,-08:00,2025-01-18T21:58:21-08:00,0,44
index.html,25,html,e833006a,JunshuXin,2025-01-18,21:58:21,-08:00,2025-01-18T21:58:21-08:00,0,37
index.html,26,html,f3395705,JunshuXin,2025-02-08,21:19:19,-08:00,2025-02-08T21:19:19-08:00,0,0
index.html,27,html,f3395705,JunshuXin,2025-02-08,21:19:19,-08:00,2025-02-08T21:19:19-08:00,0,0
index.html,28,html,c19d155b,JunshuXin,2025-02-01,23:13:29,-08:00,2025-02-01T23:13:29-08:00,0,23
index.html,29,html,c19d155b,JunshuXin,2025-02-01,23:13:29,-08:00,2025-02-01T23:13:29-08:00,0,27
index.html,30,html,c19d155b,JunshuXin,2025-02-01,23:13:29,-08:00,2025-02-01T23:13:29-08:00,0,22
index.html,31,html,c19d155b,JunshuXin,2025-02-01,23:13:29,-08:00,2025-02-01T23:13:29-08:00,0,29
index.html,32,html,f3395705,JunshuXin,2025-02-08,21:19:19,-08:00,2025-02-08T21:19:19-08:00,0,51
index.html,33,html,f3395705,JunshuXin,2025-02-08,21:19:19,-08:00,2025-02-08T21:19:19-08:00,0,0
index.html,34,html,ae2f8f25,JunshuXin,2025-01-17,18:30:38,-08:00,2025-01-17T18:30:38-08:00,0,6
index.html,35,html,e833006a,JunshuXin,2025-01-18,21:58:21,-08:00,2025-01-18T21:58:21-08:00,0,6
resume/index.html,1,html,5aa55443,JunshuXin,2025-01-17,22:54:47,-08:00,2025-01-17T22:54:47-08:00,0,14
resume/index.html,2,html,5aa55443,JunshuXin,2025-01-17,22:54:47,-08:00,2025-01-17T22:54:47-08:00,0,15
resume/index.html,3,html,5aa55443,JunshuXin,2025-01-17,22:54:47,-08:00,2025-01-17T22:54:47-08:00,0,5
resume/index.html,4,html,5aa55443,JunshuXin,2025-01-17,22:54:47,-08:00,2025-01-17T22:54:47-08:00,0,21
resume/index.html,5,html,5aa55443,JunshuXin,2025-01-17,22:54:47,-08:00,2025-01-17T22:54:47-08:00,0,69
resume/index.html,6,html,6742a4f0,JunshuXin,2025-01-17,22:59:13,-08:00,2025-01-17T22:59:13-08:00,0,33
resume/index.html,7,html,be8966cc,JunshuXin,2025-01-17,23:08:06,-08:00,2025-01-17T23:08:06-08:00,0,75
resume/index.html,8,html,28687156,JunshuXin,2025-02-08,21:15:41,-08:00,2025-02-08T21:15:41-08:00,0,52
resume/index.html,9,html,28687156,JunshuXin,2025-02-08,21:15:41,-08:00,2025-02-08T21:15:41-08:00,0,0
resume/index.html,10,html,c19d155b,JunshuXin,2025-02-01,23:13:29,-08:00,2025-02-01T23:13:29-08:00,0,0
resume/index.html,11,html,1c631ec6,JunshuXin,2025-01-24,23:57:06,-08:00,2025-01-24T23:57:06-08:00,0,0
resume/index.html,12,html,5aa55443,JunshuXin,2025-01-17,22:54:47,-08:00,2025-01-17T22:54:47-08:00,0,6
resume/index.html,13,html,5aa55443,JunshuXin,2025-01-17,22:54:47,-08:00,2025-01-17T22:54:47-08:00,0,5
resume/index.html,14,html,c19d155b,JunshuXin,2025-02-01,23:13:29,-08:00,2025-02-01T23:13:29-08:00,0,9
resume/index.html,15,html,6742a4f0,JunshuXin,2025-01-17,22:59:13,-08:00,2025-01-17T22:59:13-08:00,0,31
resume/index.html,16,html,6742a4f0,JunshuXin,2025-01-17,22:59:13,-08:00,2025-01-17T22:59:13-08:00,0,44
resume/index.html,17,html,6742a4f0,JunshuXin,2025-01-17,22:59:13,-08:00,2025-01-17T22:59:13-08:00,0,42
resume/index.html,18,html,6742a4f0,JunshuXin,2025-01-17,22:59:13,-08:00,2025-01-17T22:59:13-08:00,0,64
resume/index.html,19,html,be8966cc,JunshuXin,2025-01-17,23:08:06,-08:00,2025-01-17T23:08:06-08:00,0,30
resume/index.html,20,html,c19d155b,JunshuXin,2025-02-01,23:13:29,-08:00,2025-02-01T23:13:29-08:00,0,9
resume/index.html,21,html,5aa55443,JunshuXin,2025-01-17,22:54:47,-08:00,2025-01-17T22:54:47-08:00,0,0
resume/index.html,22,html,6742a4f0,JunshuXin,2025-01-17,22:59:13,-08:00,2025-01-17T22:59:13-08:00,0,14
resume/index.html,23,html,be8966cc,JunshuXin,2025-01-17,23:08:06,-08:00,2025-01-17T23:08:06-08:00,0,123
resume/index.html,24,html,5aa55443,JunshuXin,2025-01-17,22:54:47,-08:00,2025-01-17T22:54:47-08:00,0,0
resume/index.html,25,html,be8966cc,JunshuXin,2025-01-17,23:08:06,-08:00,2025-01-17T23:08:06-08:00,0,8
resume/index.html,26,html,be8966cc,JunshuXin,2025-01-17,23:08:06,-08:00,2025-01-17T23:08:06-08:00,0,17
resume/index.html,27,html,be8966cc,JunshuXin,2025-01-17,23:08:06,-08:00,2025-01-17T23:08:06-08:00,0,43
resume/index.html,28,html,be8966cc,JunshuXin,2025-01-17,23:08:06,-08:00,2025-01-17T23:08:06-08:00,0,63
resume/index.html,29,html,be8966cc,JunshuXin,2025-01-17,23:08:06,-08:00,2025-01-17T23:08:06-08:00,0,34
resume/index.html,30,html,be8966cc,JunshuXin,2025-01-17,23:08:06,-08:00,2025-01-17T23:08:06-08:00,0,3
resume/index.html,31,html,be8966cc,JunshuXin,2025-01-17,23:08:06,-08:00,2025-01-17T23:08:06-08:00,0,195
resume/index.html,32,html,be8966cc,JunshuXin,2025-01-17,23:08:06,-08:00,2025-01-17T23:08:06-08:00,0,4
resume/index.html,33,html,be8966cc,JunshuXin,2025-01-17,23:08:06,-08:00,2025-01-17T23:08:06-08:00,0,9
resume/index.html,34,html,5aa55443,JunshuXin,2025-01-17,22:54:47,-08:00,2025-01-17T22:54:47-08:00,0,0
resume/index.html,35,html,be8966cc,JunshuXin,2025-01-17,23:08:06,-08:00,2025-01-17T23:08:06-08:00,0,8
resume/index.html,36,html,be8966cc,JunshuXin,2025-01-17,23:08:06,-08:00,2025-01-17T23:08:06-08:00,0,30
resume/index.html,37,html,5aa55443,JunshuXin,2025-01-17,22:54:47,-08:00,2025-01-17T22:54:47-08:00,0,0
resume/index.html,38,html,be8966cc,JunshuXin,2025-01-17,23:08:06,-08:00,2025-01-17T23:08:06-08:00,0,27
resume/index.html,39,html,be8966cc,JunshuXin,2025-01-17,23:08:06,-08:00,2025-01-17T23:08:06-08:00,0,55
resume/index.html,40,html,be8966cc,JunshuXin,2025-01-17,23:08:06,-08:00,2025-01-17T23:08:06-08:00,0,3
resume/index.html,41,html,be8966cc,JunshuXin,2025-01-17,23:08:06,-08:00,2025-01-17T23:08:06-08:00,0,94
resume/index.html,42,html,be8966cc,JunshuXin,2025-01-17,23:08:06,-08:00,2025-01-17T23:08:06-08:00,0,137
resume/index.html,43,html,be8966cc,JunshuXin,2025-01-17,23:08:06,-08:00,2025-01-17T23:08:06-08:00,0,100
resume/index.html,44,html,be8966cc,JunshuXin,2025-01-17,23:08:06,-08:00,2025-01-17T23:08:06-08:00,0,119
resume/index.html,45,html,be8966cc,JunshuXin,2025-01-17,23:08:06,-08:00,2025-01-17T23:08:06-08:00,0,4
resume/index.html,46,html,5aa55443,JunshuXin,2025-01-17,22:54:47,-08:00,2025-01-17T22:54:47-08:00,0,0
resume/index.html,47,html,be8966cc,JunshuXin,2025-01-17,23:08:06,-08:00,2025-01-17T23:08:06-08:00,0,39
resume/index.html,48,html,be8966cc,JunshuXin,2025-01-17,23:08:06,-08:00,2025-01-17T23:08:06-08:00,0,51
resume/index.html,49,html,be8966cc,JunshuXin,2025-01-17,23:08:06,-08:00,2025-01-17T23:08:06-08:00,0,3
resume/index.html,50,html,be8966cc,JunshuXin,2025-01-17,23:08:06,-08:00,2025-01-17T23:08:06-08:00,0,137
resume/index.html,51,html,be8966cc,JunshuXin,2025-01-17,23:08:06,-08:00,2025-01-17T23:08:06-08:00,0,117
resume/index.html,52,html,be8966cc,JunshuXin,2025-01-17,23:08:06,-08:00,2025-01-17T23:08:06-08:00,0,105
resume/index.html,53,html,be8966cc,JunshuXin,2025-01-17,23:08:06,-08:00,2025-01-17T23:08:06-08:00,0,4
resume/index.html,54,html,5aa55443,JunshuXin,2025-01-17,22:54:47,-08:00,2025-01-17T22:54:47-08:00,0,0
resume/index.html,55,html,be8966cc,JunshuXin,2025-01-17,23:08:06,-08:00,2025-01-17T23:08:06-08:00,0,22
resume/index.html,56,html,be8966cc,JunshuXin,2025-01-17,23:08:06,-08:00,2025-01-17T23:08:06-08:00,0,51
resume/index.html,57,html,be8966cc,JunshuXin,2025-01-17,23:08:06,-08:00,2025-01-17T23:08:06-08:00,0,3
resume/index.html,58,html,be8966cc,JunshuXin,2025-01-17,23:08:06,-08:00,2025-01-17T23:08:06-08:00,0,110
resume/index.html,59,html,be8966cc,JunshuXin,2025-01-17,23:08:06,-08:00,2025-01-17T23:08:06-08:00,0,89
resume/index.html,60,html,be8966cc,JunshuXin,2025-01-17,23:08:06,-08:00,2025-01-17T23:08:06-08:00,0,4
resume/index.html,61,html,be8966cc,JunshuXin,2025-01-17,23:08:06,-08:00,2025-01-17T23:08:06-08:00,0,9
resume/index.html,62,html,5aa55443,JunshuXin,2025-01-17,22:54:47,-08:00,2025-01-17T22:54:47-08:00,0,0
resume/index.html,63,html,be8966cc,JunshuXin,2025-01-17,23:08:06,-08:00,2025-01-17T23:08:06-08:00,0,8
resume/index.html,64,html,be8966cc,JunshuXin,2025-01-17,23:08:06,-08:00,2025-01-17T23:08:06-08:00,0,27
resume/index.html,65,html,6742a4f0,JunshuXin,2025-01-17,22:59:13,-08:00,2025-01-17T22:59:13-08:00,0,0
resume/index.html,66,html,be8966cc,JunshuXin,2025-01-17,23:08:06,-08:00,2025-01-17T23:08:06-08:00,0,55
resume/index.html,67,html,be8966cc,JunshuXin,2025-01-17,23:08:06,-08:00,2025-01-17T23:08:06-08:00,0,3
resume/index.html,68,html,be8966cc,JunshuXin,2025-01-17,23:08:06,-08:00,2025-01-17T23:08:06-08:00,0,102
resume/index.html,69,html,be8966cc,JunshuXin,2025-01-17,23:08:06,-08:00,2025-01-17T23:08:06-08:00,0,89
resume/index.html,70,html,be8966cc,JunshuXin,2025-01-17,23:08:06,-08:00,2025-01-17T23:08:06-08:00,0,87
resume/index.html,71,html,be8966cc,JunshuXin,2025-01-17,23:08:06,-08:00,2025-01-17T23:08:06-08:00,0,4
resume/index.html,72,html,be8966cc,JunshuXin,2025-01-17,23:08:06,-08:00,2025-01-17T23:08:06-08:00,0,0
resume/index.html,73,html,be8966cc,JunshuXin,2025-01-17,23:08:06,-08:00,2025-01-17T23:08:06-08:00,0,41
resume/index.html,74,html,be8966cc,JunshuXin,2025-01-17,23:08:06,-08:00,2025-01-17T23:08:06-08:00,0,3
resume/index.html,75,html,be8966cc,JunshuXin,2025-01-17,23:08:06,-08:00,2025-01-17T23:08:06-08:00,0,100
resume/index.html,76,html,be8966cc,JunshuXin,2025-01-17,23:08:06,-08:00,2025-01-17T23:08:06-08:00,0,85
resume/index.html,77,html,be8966cc,JunshuXin,2025-01-17,23:08:06,-08:00,2025-01-17T23:08:06-08:00,0,4
resume/index.html,78,html,be8966cc,JunshuXin,2025-01-17,23:08:06,-08:00,2025-01-17T23:08:06-08:00,0,9
resume/index.html,79,html,be8966cc,JunshuXin,2025-01-17,23:08:06,-08:00,2025-01-17T23:08:06-08:00,0,0
resume/index.html,80,html,be8966cc,JunshuXin,2025-01-17,23:08:06,-08:00,2025-01-17T23:08:06-08:00,0,8
resume/index.html,81,html,be8966cc,JunshuXin,2025-01-17,23:08:06,-08:00,2025-01-17T23:08:06-08:00,0,14
resume/index.html,82,html,be8966cc,JunshuXin,2025-01-17,23:08:06,-08:00,2025-01-17T23:08:06-08:00,0,3
resume/index.html,83,html,be8966cc,JunshuXin,2025-01-17,23:08:06,-08:00,2025-01-17T23:08:06-08:00,0,48
resume/index.html,84,html,be8966cc,JunshuXin,2025-01-17,23:08:06,-08:00,2025-01-17T23:08:06-08:00,0,43
resume/index.html,85,html,be8966cc,JunshuXin,2025-01-17,23:08:06,-08:00,2025-01-17T23:08:06-08:00,0,70
resume/index.html,86,html,be8966cc,JunshuXin,2025-01-17,23:08:06,-08:00,2025-01-17T23:08:06-08:00,0,4
resume/index.html,87,html,be8966cc,JunshuXin,2025-01-17,23:08:06,-08:00,2025-01-17T23:08:06-08:00,0,9
resume/index.html,88,html,5aa55443,JunshuXin,2025-01-17,22:54:47,-08:00,2025-01-17T22:54:47-08:00,0,0
resume/index.html,89,html,5aa55443,JunshuXin,2025-01-17,22:54:47,-08:00,2025-01-17T22:54:47-08:00,0,7
resume/index.html,90,html,5aa55443,JunshuXin,2025-01-17,22:54:47,-08:00,2025-01-17T22:54:47-08:00,0,50
resume/index.html,91,html,5aa55443,JunshuXin,2025-01-17,22:54:47,-08:00,2025-01-17T22:54:47-08:00,0,8
resume/index.html,92,html,5aa55443,JunshuXin,2025-01-17,22:54:47,-08:00,2025-01-17T22:54:47-08:00,0,6
resume/index.html,93,html,5aa55443,JunshuXin,2025-01-17,22:54:47,-08:00,2025-01-17T22:54:47-08:00,0,6
projects/projects.js,1,js,c19d155b,JunshuXin,2025-02-01,23:13:29,-08:00,2025-02-01T23:13:29-08:00,0,59
projects/projects.js,2,js,99776778,JunshuXin,2025-02-08,21:11:46,-08:00,2025-02-08T21:11:46-08:00,0,64
projects/projects.js,3,js,c19d155b,JunshuXin,2025-02-01,23:13:29,-08:00,2025-02-01T23:13:29-08:00,0,0
projects/projects.js,4,js,99776778,JunshuXin,2025-02-08,21:11:46,-08:00,2025-02-08T21:11:46-08:00,0,56
projects/projects.js,5,js,99776778,JunshuXin,2025-02-08,21:11:46,-08:00,2025-02-08T21:11:46-08:00,0,61
projects/projects.js,6,js,99776778,JunshuXin,2025-02-08,21:11:46,-08:00,2025-02-08T21:11:46-08:00,0,56
projects/projects.js,7,js,99776778,JunshuXin,2025-02-08,21:11:46,-08:00,2025-02-08T21:11:46-08:00,0,0
projects/projects.js,8,js,99776778,JunshuXin,2025-02-08,21:11:46,-08:00,2025-02-08T21:11:46-08:00,0,51
projects/projects.js,9,js,99776778,JunshuXin,2025-02-08,21:11:46,-08:00,2025-02-08T21:11:46-08:00,0,55
projects/projects.js,10,js,99776778,JunshuXin,2025-02-08,21:11:46,-08:00,2025-02-08T21:11:46-08:00,0,42
projects/projects.js,11,js,99776778,JunshuXin,2025-02-08,21:11:46,-08:00,2025-02-08T21:11:46-08:00,0,0
projects/projects.js,12,js,99776778,JunshuXin,2025-02-08,21:11:46,-08:00,2025-02-08T21:11:46-08:00,0,31
projects/projects.js,13,js,99776778,JunshuXin,2025-02-08,21:11:46,-08:00,2025-02-08T21:11:46-08:00,0,49
projects/projects.js,14,js,99776778,JunshuXin,2025-02-08,21:11:46,-08:00,2025-02-08T21:11:46-08:00,0,0
projects/projects.js,15,js,99776778,JunshuXin,2025-02-08,21:11:46,-08:00,2025-02-08T21:11:46-08:00,0,30
projects/projects.js,16,js,99776778,JunshuXin,2025-02-08,21:11:46,-08:00,2025-02-08T21:11:46-08:00,0,63
projects/projects.js,17,js,99776778,JunshuXin,2025-02-08,21:11:46,-08:00,2025-02-08T21:11:46-08:00,0,19
projects/projects.js,18,js,99776778,JunshuXin,2025-02-08,21:11:46,-08:00,2025-02-08T21:11:46-08:00,0,57
projects/projects.js,19,js,99776778,JunshuXin,2025-02-08,21:11:46,-08:00,2025-02-08T21:11:46-08:00,0,0
projects/projects.js,20,js,99776778,JunshuXin,2025-02-08,21:11:46,-08:00,2025-02-08T21:11:46-08:00,0,0
projects/projects.js,21,js,99776778,JunshuXin,2025-02-08,21:11:46,-08:00,2025-02-08T21:11:46-08:00,0,39
projects/projects.js,22,js,99776778,JunshuXin,2025-02-08,21:11:46,-08:00,2025-02-08T21:11:46-08:00,0,38
projects/projects.js,23,js,99776778,JunshuXin,2025-02-08,21:11:46,-08:00,2025-02-08T21:11:46-08:00,0,27
projects/projects.js,24,js,99776778,JunshuXin,2025-02-08,21:11:46,-08:00,2025-02-08T21:11:46-08:00,0,12
projects/projects.js,25,js,99776778,JunshuXin,2025-02-08,21:11:46,-08:00,2025-02-08T21:11:46-08:00,0,15
projects/projects.js,26,js,99776778,JunshuXin,2025-02-08,21:11:46,-08:00,2025-02-08T21:11:46-08:00,0,12
projects/projects.js,27,js,99776778,JunshuXin,2025-02-08,21:11:46,-08:00,2025-02-08T21:11:46-08:00,0,1
projects/projects.js,28,js,99776778,JunshuXin,2025-02-08,21:11:46,-08:00,2025-02-08T21:11:46-08:00,0,0
projects/projects.js,29,js,99776778,JunshuXin,2025-02-08,21:11:46,-08:00,2025-02-08T21:11:46-08:00,0,64
projects/projects.js,30,js,99776778,JunshuXin,2025-02-08,21:11:46,-08:00,2025-02-08T21:11:46-08:00,0,0
projects/projects.js,31,js,99776778,JunshuXin,2025-02-08,21:11:46,-08:00,2025-02-08T21:11:46-08:00,0,42
projects/projects.js,32,js,99776778,JunshuXin,2025-02-08,21:11:46,-08:00,2025-02-08T21:11:46-08:00,0,12
projects/projects.js,33,js,99776778,JunshuXin,2025-02-08,21:11:46,-08:00,2025-02-08T21:11:46-08:00,0,10
projects/projects.js,34,js,99776778,JunshuXin,2025-02-08,21:11:46,-08:00,2025-02-08T21:11:46-08:00,0,3
projects/projects.js,35,js,99776778,JunshuXin,2025-02-08,21:11:46,-08:00,2025-02-08T21:11:46-08:00,0,0
projects/projects.js,36,js,99776778,JunshuXin,2025-02-08,21:11:46,-08:00,2025-02-08T21:11:46-08:00,0,0
projects/projects.js,37,js,99776778,JunshuXin,2025-02-08,21:11:46,-08:00,2025-02-08T21:11:46-08:00,0,64
projects/projects.js,38,js,99776778,JunshuXin,2025-02-08,21:11:46,-08:00,2025-02-08T21:11:46-08:00,0,26
projects/projects.js,39,js,99776778,JunshuXin,2025-02-08,21:11:46,-08:00,2025-02-08T21:11:46-08:00,0,52
projects/projects.js,40,js,a0188a5b,JunshuXin,2025-02-08,23:23:20,-08:00,2025-02-08T23:23:20-08:00,0,46
projects/projects.js,41,js,a0188a5b,JunshuXin,2025-02-08,23:23:20,-08:00,2025-02-08T23:23:20-08:00,0,10
projects/projects.js,42,js,a0188a5b,JunshuXin,2025-02-08,23:23:20,-08:00,2025-02-08T23:23:20-08:00,0,13
projects/projects.js,43,js,a0188a5b,JunshuXin,2025-02-08,23:23:20,-08:00,2025-02-08T23:23:20-08:00,0,29
projects/projects.js,44,js,a0188a5b,JunshuXin,2025-02-08,23:23:20,-08:00,2025-02-08T23:23:20-08:00,0,0
projects/projects.js,45,js,a0188a5b,JunshuXin,2025-02-08,23:23:20,-08:00,2025-02-08T23:23:20-08:00,0,94
projects/projects.js,46,js,a0188a5b,JunshuXin,2025-02-08,23:23:20,-08:00,2025-02-08T23:23:20-08:00,0,0
projects/projects.js,47,js,a0188a5b,JunshuXin,2025-02-08,23:23:20,-08:00,2025-02-08T23:23:20-08:00,0,48
projects/projects.js,48,js,99776778,JunshuXin,2025-02-08,21:11:46,-08:00,2025-02-08T21:11:46-08:00,0,2
projects/projects.js,49,js,99776778,JunshuXin,2025-02-08,21:11:46,-08:00,2025-02-08T21:11:46-08:00,0,0
projects/projects.js,50,js,99776778,JunshuXin,2025-02-08,21:11:46,-08:00,2025-02-08T21:11:46-08:00,0,57
projects/projects.js,51,js,99776778,JunshuXin,2025-02-08,21:11:46,-08:00,2025-02-08T21:11:46-08:00,0,32
projects/projects.js,52,js,c19d155b,JunshuXin,2025-02-01,23:13:29,-08:00,2025-02-01T23:13:29-08:00,0,0
projects/projects.js,53,js,c19d155b,JunshuXin,2025-02-01,23:13:29,-08:00,2025-02-01T23:13:29-08:00,0,0
projects/projects.js,54,js,99776778,JunshuXin,2025-02-08,21:11:46,-08:00,2025-02-08T21:11:46-08:00,0,32
projects/projects.js,55,js,99776778,JunshuXin,2025-02-08,21:11:46,-08:00,2025-02-08T21:11:46-08:00,0,38
projects/projects.js,56,js,99776778,JunshuXin,2025-02-08,21:11:46,-08:00,2025-02-08T21:11:46-08:00,0,39
projects/projects.js,57,js,99776778,JunshuXin,2025-02-08,21:11:46,-08:00,2025-02-08T21:11:46-08:00,0,0
projects/projects.js,58,js,99776778,JunshuXin,2025-02-08,21:11:46,-08:00,2025-02-08T21:11:46-08:00,0,37
projects/projects.js,59,js,99776778,JunshuXin,2025-02-08,21:11:46,-08:00,2025-02-08T21:11:46-08:00,0,53
projects/projects.js,60,js,99776778,JunshuXin,2025-02-08,21:11:46,-08:00,2025-02-08T21:11:46-08:00,0,0
projects/projects.js,61,js,99776778,JunshuXin,2025-02-08,21:11:46,-08:00,2025-02-08T21:11:46-08:00,0,40
projects/projects.js,62,js,99776778,JunshuXin,2025-02-08,21:11:46,-08:00,2025-02-08T21:11:46-08:00,0,25
projects/projects.js,63,js,99776778,JunshuXin,2025-02-08,21:11:46,-08:00,2025-02-08T21:11:46-08:00,0,0
projects/projects.js,64,js,99776778,JunshuXin,2025-02-08,21:11:46,-08:00,2025-02-08T21:11:46-08:00,0,28
projects/projects.js,65,js,99776778,JunshuXin,2025-02-08,21:11:46,-08:00,2025-02-08T21:11:46-08:00,0,14
projects/projects.js,66,js,99776778,JunshuXin,2025-02-08,21:11:46,-08:00,2025-02-08T21:11:46-08:00,0,16
projects/projects.js,67,js,8a5d0e77,JunshuXin,2025-02-08,22:45:03,-08:00,2025-02-08T22:45:03-08:00,0,23
projects/projects.js,68,js,8a5d0e77,JunshuXin,2025-02-08,22:45:03,-08:00,2025-02-08T22:45:03-08:00,0,13
projects/projects.js,69,js,8a5d0e77,JunshuXin,2025-02-08,22:45:03,-08:00,2025-02-08T22:45:03-08:00,0,21
projects/projects.js,70,js,8a5d0e77,JunshuXin,2025-02-08,22:45:03,-08:00,2025-02-08T22:45:03-08:00,0,2
projects/projects.js,71,js,99776778,JunshuXin,2025-02-08,21:11:46,-08:00,2025-02-08T21:11:46-08:00,0,0
projects/projects.js,72,js,99776778,JunshuXin,2025-02-08,21:11:46,-08:00,2025-02-08T21:11:46-08:00,0,50
projects/projects.js,73,js,99776778,JunshuXin,2025-02-08,21:11:46,-08:00,2025-02-08T21:11:46-08:00,0,0
projects/projects.js,74,js,99776778,JunshuXin,2025-02-08,21:11:46,-08:00,2025-02-08T21:11:46-08:00,0,59
projects/projects.js,75,js,99776778,JunshuXin,2025-02-08,21:11:46,-08:00,2025-02-08T21:11:46-08:00,0,0
projects/projects.js,76,js,99776778,JunshuXin,2025-02-08,21:11:46,-08:00,2025-02-08T21:11:46-08:00,0,45
projects/projects.js,77,js,99776778,JunshuXin,2025-02-08,21:11:46,-08:00,2025-02-08T21:11:46-08:00,0,18
projects/projects.js,78,js,a0188a5b,JunshuXin,2025-02-08,23:23:20,-08:00,2025-02-08T23:23:20-08:00,0,13
projects/projects.js,79,js,a0188a5b,JunshuXin,2025-02-08,23:23:20,-08:00,2025-02-08T23:23:20-08:00,0,7
projects/projects.js,80,js,a0188a5b,JunshuXin,2025-02-08,23:23:20,-08:00,2025-02-08T23:23:20-08:00,0,14
projects/projects.js,81,js,a0188a5b,JunshuXin,2025-02-08,23:23:20,-08:00,2025-02-08T23:23:20-08:00,0,23
projects/projects.js,82,js,a0188a5b,JunshuXin,2025-02-08,23:23:20,-08:00,2025-02-08T23:23:20-08:00,0,33
projects/projects.js,83,js,a0188a5b,JunshuXin,2025-02-08,23:23:20,-08:00,2025-02-08T23:23:20-08:00,0,74
projects/projects.js,84,js,a0188a5b,JunshuXin,2025-02-08,23:23:20,-08:00,2025-02-08T23:23:20-08:00,0,99
projects/projects.js,85,js,a0188a5b,JunshuXin,2025-02-08,23:23:20,-08:00,2025-02-08T23:23:20-08:00,0,29
projects/projects.js,86,js,a0188a5b,JunshuXin,2025-02-08,23:23:20,-08:00,2025-02-08T23:23:20-08:00,0,102
projects/projects.js,87,js,a0188a5b,JunshuXin,2025-02-08,23:23:20,-08:00,2025-02-08T23:23:20-08:00,0,48
projects/projects.js,88,js,a0188a5b,JunshuXin,2025-02-08,23:23:20,-08:00,2025-02-08T23:23:20-08:00,0,2
projects/projects.js,89,js,a0188a5b,JunshuXin,2025-02-08,23:23:20,-08:00,2025-02-08T23:23:20-08:00,0,0
projects/projects.js,90,js,99776778,JunshuXin,2025-02-08,21:11:46,-08:00,2025-02-08T21:11:46-08:00,0,0
projects/projects.js,91,js,99776778,JunshuXin,2025-02-08,21:11:46,-08:00,2025-02-08T21:11:46-08:00,0,26
projects/projects.js,92,js,99776778,JunshuXin,2025-02-08,21:11:46,-08:00,2025-02-08T21:11:46-08:00,0,0
projects/projects.js,93,js,99776778,JunshuXin,2025-02-08,21:11:46,-08:00,2025-02-08T21:11:46-08:00,0,0
projects/projects.js,94,js,99776778,JunshuXin,2025-02-08,21:11:46,-08:00,2025-02-08T21:11:46-08:00,0,47
projects/projects.js,95,js,99776778,JunshuXin,2025-02-08,21:11:46,-08:00,2025-02-08T21:11:46-08:00,0,36
projects/projects.js,96,js,99776778,JunshuXin,2025-02-08,21:11:46,-08:00,2025-02-08T21:11:46-08:00,0,33
projects/projects.js,97,js,99776778,JunshuXin,2025-02-08,21:11:46,-08:00,2025-02-08T21:11:46-08:00,0,57
projects/projects.js,98,js,99776778,JunshuXin,2025-02-08,21:11:46,-08:00,2025-02-08T21:11:46-08:00,0,0
projects/projects.js,99,js,99776778,JunshuXin,2025-02-08,21:11:46,-08:00,2025-02-08T21:11:46-08:00,0,23
projects/projects.js,100,js,99776778,JunshuXin,2025-02-08,21:11:46,-08:00,2025-02-08T21:11:46-08:00,0,18
projects/projects.js,101,js,99776778,JunshuXin,2025-02-08,21:11:46,-08:00,2025-02-08T21:11:46-08:00,0,38
projects/projects.js,102,js,99776778,JunshuXin,2025-02-08,21:11:46,-08:00,2025-02-08T21:11:46-08:00,0,64
projects/projects.js,103,js,99776778,JunshuXin,2025-02-08,21:11:46,-08:00,2025-02-08T21:11:46-08:00,0,69
projects/projects.js,104,js,99776778,JunshuXin,2025-02-08,21:11:46,-08:00,2025-02-08T21:11:46-08:00,0,25
projects/projects.js,105,js,a0188a5b,JunshuXin,2025-02-08,23:23:20,-08:00,2025-02-08T23:23:20-08:00,0,70
projects/projects.js,106,js,a0188a5b,JunshuXin,2025-02-08,23:23:20,-08:00,2025-02-08T23:23:20-08:00,0,53
projects/projects.js,107,js,a0188a5b,JunshuXin,2025-02-08,23:23:20,-08:00,2025-02-08T23:23:20-08:00,0,41
projects/projects.js,108,js,a0188a5b,JunshuXin,2025-02-08,23:23:20,-08:00,2025-02-08T23:23:20-08:00,0,16
projects/projects.js,109,js,99776778,JunshuXin,2025-02-08,21:11:46,-08:00,2025-02-08T21:11:46-08:00,0,2
projects/projects.js,110,js,a0188a5b,JunshuXin,2025-02-08,23:23:20,-08:00,2025-02-08T23:23:20-08:00,0,0
projects/projects.js,111,js,99776778,JunshuXin,2025-02-08,21:11:46,-08:00,2025-02-08T21:11:46-08:00,0,2
projects/projects.js,112,js,99776778,JunshuXin,2025-02-08,21:11:46,-08:00,2025-02-08T21:11:46-08:00,0,0
projects/projects.js,113,js,99776778,JunshuXin,2025-02-08,21:11:46,-08:00,2025-02-08T21:11:46-08:00,0,0
projects/projects.js,114,js,99776778,JunshuXin,2025-02-08,21:11:46,-08:00,2025-02-08T21:11:46-08:00,0,34
projects/projects.js,115,js,99776778,JunshuXin,2025-02-08,21:11:46,-08:00,2025-02-08T21:11:46-08:00,0,24
projects/projects.js,116,js,99776778,JunshuXin,2025-02-08,21:11:46,-08:00,2025-02-08T21:11:46-08:00,0,0
projects/projects.js,117,js,99776778,JunshuXin,2025-02-08,21:11:46,-08:00,2025-02-08T21:11:46-08:00,0,56
projects/projects.js,118,js,99776778,JunshuXin,2025-02-08,21:11:46,-08:00,2025-02-08T21:11:46-08:00,0,49
projects/projects.js,119,js,99776778,JunshuXin,2025-02-08,21:11:46,-08:00,2025-02-08T21:11:46-08:00,0,53
projects/projects.js,120,js,99776778,JunshuXin,2025-02-08,21:11:46,-08:00,2025-02-08T21:11:46-08:00,0,16
projects/projects.js,121,js,91772eb0,JunshuXin,2025-02-08,23:38:43,-08:00,2025-02-08T23:38:43-08:00,0,2
projects/projects.js,122,js,91772eb0,JunshuXin,2025-02-08,23:38:43,-08:00,2025-02-08T23:38:43-08:00,0,0
projects/projects.js,123,js,91772eb0,JunshuXin,2025-02-08,23:38:43,-08:00,2025-02-08T23:38:43-08:00,0,33
projects/projects.js,124,js,91772eb0,JunshuXin,2025-02-08,23:38:43,-08:00,2025-02-08T23:38:43-08:00,0,25
projects/projects.js,125,js,91772eb0,JunshuXin,2025-02-08,23:38:43,-08:00,2025-02-08T23:38:43-08:00,0,18
projects/projects.js,126,js,91772eb0,JunshuXin,2025-02-08,23:38:43,-08:00,2025-02-08T23:38:43-08:00,0,94
projects/projects.js,127,js,50a1cef1,JunshuXin,2025-02-08,23:51:43,-08:00,2025-02-08T23:51:43-08:00,0,86
projects/projects.js,128,js,91772eb0,JunshuXin,2025-02-08,23:38:43,-08:00,2025-02-08T23:38:43-08:00,0,100
projects/projects.js,129,js,91772eb0,JunshuXin,2025-02-08,23:38:43,-08:00,2025-02-08T23:38:43-08:00,0,1
projects/index.html,1,html,682cfdd5,JunshuXin,2025-01-17,19:34:28,-08:00,2025-01-17T19:34:28-08:00,0,14
projects/index.html,2,html,99776778,JunshuXin,2025-02-08,21:11:46,-08:00,2025-02-08T21:11:46-08:00,0,15
projects/index.html,3,html,99776778,JunshuXin,2025-02-08,21:11:46,-08:00,2025-02-08T21:11:46-08:00,0,5
projects/index.html,4,html,99776778,JunshuXin,2025-02-08,21:11:46,-08:00,2025-02-08T21:11:46-08:00,0,21
projects/index.html,5,html,99776778,JunshuXin,2025-02-08,21:11:46,-08:00,2025-02-08T21:11:46-08:00,0,69
projects/index.html,6,html,99776778,JunshuXin,2025-02-08,21:11:46,-08:00,2025-02-08T21:11:46-08:00,0,22
projects/index.html,7,html,99776778,JunshuXin,2025-02-08,21:11:46,-08:00,2025-02-08T21:11:46-08:00,0,42
projects/index.html,8,html,99776778,JunshuXin,2025-02-08,21:11:46,-08:00,2025-02-08T21:11:46-08:00,0,52
projects/index.html,9,html,99776778,JunshuXin,2025-02-08,21:11:46,-08:00,2025-02-08T21:11:46-08:00,0,48
projects/index.html,10,html,99776778,JunshuXin,2025-02-08,21:11:46,-08:00,2025-02-08T21:11:46-08:00,0,6
projects/index.html,11,html,99776778,JunshuXin,2025-02-08,21:11:46,-08:00,2025-02-08T21:11:46-08:00,0,5
projects/index.html,12,html,99776778,JunshuXin,2025-02-08,21:11:46,-08:00,2025-02-08T21:11:46-08:00,0,39
projects/index.html,13,html,99776778,JunshuXin,2025-02-08,21:11:46,-08:00,2025-02-08T21:11:46-08:00,0,0
projects/index.html,14,html,99776778,JunshuXin,2025-02-08,21:11:46,-08:00,2025-02-08T21:11:46-08:00,0,42
projects/index.html,15,html,99776778,JunshuXin,2025-02-08,21:11:46,-08:00,2025-02-08T21:11:46-08:00,0,28
projects/index.html,16,html,a0188a5b,JunshuXin,2025-02-08,23:23:20,-08:00,2025-02-08T23:23:20-08:00,0,78
projects/index.html,17,html,91772eb0,JunshuXin,2025-02-08,23:38:43,-08:00,2025-02-08T23:38:43-08:00,0,0
projects/index.html,18,html,8a5d0e77,JunshuXin,2025-02-08,22:45:03,-08:00,2025-02-08T22:45:03-08:00,0,5
projects/index.html,19,html,50a1cef1,JunshuXin,2025-02-08,23:51:43,-08:00,2025-02-08T23:51:43-08:00,0,78
projects/index.html,20,html,50a1cef1,JunshuXin,2025-02-08,23:51:43,-08:00,2025-02-08T23:51:43-08:00,0,0
projects/index.html,21,html,50a1cef1,JunshuXin,2025-02-08,23:51:43,-08:00,2025-02-08T23:51:43-08:00,0,4
projects/index.html,22,html,99776778,JunshuXin,2025-02-08,21:11:46,-08:00,2025-02-08T21:11:46-08:00,0,0
projects/index.html,23,html,99776778,JunshuXin,2025-02-08,21:11:46,-08:00,2025-02-08T21:11:46-08:00,0,47
projects/index.html,24,html,99776778,JunshuXin,2025-02-08,21:11:46,-08:00,2025-02-08T21:11:46-08:00,0,101
projects/index.html,25,html,99776778,JunshuXin,2025-02-08,21:11:46,-08:00,2025-02-08T21:11:46-08:00,0,0
projects/index.html,26,html,99776778,JunshuXin,2025-02-08,21:11:46,-08:00,2025-02-08T21:11:46-08:00,0,36
projects/index.html,27,html,99776778,JunshuXin,2025-02-08,21:11:46,-08:00,2025-02-08T21:11:46-08:00,0,51
projects/index.html,28,html,99776778,JunshuXin,2025-02-08,21:11:46,-08:00,2025-02-08T21:11:46-08:00,0,6
projects/index.html,29,html,99776778,JunshuXin,2025-02-08,21:11:46,-08:00,2025-02-08T21:11:46-08:00,0,6
projects/index.html,30,html,99776778,JunshuXin,2025-02-08,21:11:46,-08:00,2025-02-08T21:11:46-08:00,0,0
projects/index.html,31,html,99776778,JunshuXin,2025-02-08,21:11:46,-08:00,2025-02-08T21:11:46-08:00,0,0
projects/index.html,32,html,99776778,JunshuXin,2025-02-08,21:11:46,-08:00,2025-02-08T21:11:46-08:00,0,0
projects/index.html,33,html,99776778,JunshuXin,2025-02-08,21:11:46,-08:00,2025-02-08T21:11:46-08:00,0,0
projects/index.html,34,html,99776778,JunshuXin,2025-02-08,21:11:46,-08:00,2025-02-08T21:11:46-08:00,0,0
js/global.js,1,js,ac15ef80,JunshuXin,2025-02-07,22:14:34,-08:00,2025-02-07T22:14:34-08:00,0,26
js/global.js,2,js,1c631ec6,JunshuXin,2025-01-24,23:57:06,-08:00,2025-01-24T23:57:06-08:00,0,0
js/global.js,3,js,1c631ec6,JunshuXin,2025-01-24,23:57:06,-08:00,2025-01-24T23:57:06-08:00,0,42
js/global.js,4,js,ac15ef80,JunshuXin,2025-02-07,22:14:34,-08:00,2025-02-07T22:14:34-08:00,0,53
js/global.js,5,js,1c631ec6,JunshuXin,2025-01-24,23:57:06,-08:00,2025-01-24T23:57:06-08:00,0,0
js/global.js,6,js,1c631ec6,JunshuXin,2025-01-24,23:57:06,-08:00,2025-01-24T23:57:06-08:00,0,0
js/global.js,7,js,1c631ec6,JunshuXin,2025-01-24,23:57:06,-08:00,2025-01-24T23:57:06-08:00,0,12
js/global.js,8,js,c1c10831,JunshuXin,2025-02-08,22:50:42,-08:00,2025-02-08T22:50:42-08:00,0,37
js/global.js,9,js,c1c10831,JunshuXin,2025-02-08,22:50:42,-08:00,2025-02-08T22:50:42-08:00,0,60
js/global.js,10,js,c1c10831,JunshuXin,2025-02-08,22:50:42,-08:00,2025-02-08T22:50:42-08:00,0,58
js/global.js,11,js,c1c10831,JunshuXin,2025-02-08,22:50:42,-08:00,2025-02-08T22:50:42-08:00,0,56
js/global.js,12,js,ac15ef80,JunshuXin,2025-02-07,22:14:34,-08:00,2025-02-07T22:14:34-08:00,0,57
js/global.js,13,js,1c631ec6,JunshuXin,2025-01-24,23:57:06,-08:00,2025-01-24T23:57:06-08:00,0,1
js/global.js,14,js,1c631ec6,JunshuXin,2025-01-24,23:57:06,-08:00,2025-01-24T23:57:06-08:00,0,0
js/global.js,15,js,98108959,JunshuXin,2025-02-08,21:31:35,-08:00,2025-02-08T21:31:35-08:00,0,0
js/global.js,16,js,4cfdf4d6,JunshuXin,2025-02-08,22:09:05,-08:00,2025-02-08T22:09:05-08:00,0,48
js/global.js,17,js,4cfdf4d6,JunshuXin,2025-02-08,22:09:05,-08:00,2025-02-08T22:09:05-08:00,0,43
js/global.js,18,js,4cfdf4d6,JunshuXin,2025-02-08,22:09:05,-08:00,2025-02-08T22:09:05-08:00,0,0
js/global.js,19,js,1c631ec6,JunshuXin,2025-01-24,23:57:06,-08:00,2025-01-24T23:57:06-08:00,0,39
js/global.js,20,js,4cfdf4d6,JunshuXin,2025-02-08,22:09:05,-08:00,2025-02-08T22:09:05-08:00,0,29
js/global.js,21,js,4cfdf4d6,JunshuXin,2025-02-08,22:09:05,-08:00,2025-02-08T22:09:05-08:00,0,0
js/global.js,22,js,4cfdf4d6,JunshuXin,2025-02-08,22:09:05,-08:00,2025-02-08T22:09:05-08:00,0,48
js/global.js,23,js,4cfdf4d6,JunshuXin,2025-02-08,22:09:05,-08:00,2025-02-08T22:09:05-08:00,0,40
js/global.js,24,js,4cfdf4d6,JunshuXin,2025-02-08,22:09:05,-08:00,2025-02-08T22:09:05-08:00,0,23
js/global.js,25,js,4cfdf4d6,JunshuXin,2025-02-08,22:09:05,-08:00,2025-02-08T22:09:05-08:00,0,5
js/global.js,26,js,4cfdf4d6,JunshuXin,2025-02-08,22:09:05,-08:00,2025-02-08T22:09:05-08:00,0,25
js/global.js,27,js,4cfdf4d6,JunshuXin,2025-02-08,22:09:05,-08:00,2025-02-08T22:09:05-08:00,0,53
js/global.js,28,js,4cfdf4d6,JunshuXin,2025-02-08,22:09:05,-08:00,2025-02-08T22:09:05-08:00,0,35
js/global.js,29,js,4cfdf4d6,JunshuXin,2025-02-08,22:09:05,-08:00,2025-02-08T22:09:05-08:00,0,33
js/global.js,30,js,4cfdf4d6,JunshuXin,2025-02-08,22:09:05,-08:00,2025-02-08T22:09:05-08:00,0,8
js/global.js,31,js,4cfdf4d6,JunshuXin,2025-02-08,22:09:05,-08:00,2025-02-08T22:09:05-08:00,0,1
js/global.js,32,js,4cfdf4d6,JunshuXin,2025-02-08,22:09:05,-08:00,2025-02-08T22:09:05-08:00,0,36
js/global.js,33,js,4cfdf4d6,JunshuXin,2025-02-08,22:09:05,-08:00,2025-02-08T22:09:05-08:00,0,0
js/global.js,34,js,4cfdf4d6,JunshuXin,2025-02-08,22:09:05,-08:00,2025-02-08T22:09:05-08:00,0,38
js/global.js,35,js,4cfdf4d6,JunshuXin,2025-02-08,22:09:05,-08:00,2025-02-08T22:09:05-08:00,0,35
js/global.js,36,js,4cfdf4d6,JunshuXin,2025-02-08,22:09:05,-08:00,2025-02-08T22:09:05-08:00,0,0
js/global.js,37,js,1c631ec6,JunshuXin,2025-01-24,23:57:06,-08:00,2025-01-24T23:57:06-08:00,0,0
js/global.js,38,js,0584964b,JunshuXin,2025-02-05,16:23:17,-08:00,2025-02-05T16:23:17-08:00,0,100
js/global.js,39,js,1c631ec6,JunshuXin,2025-01-24,23:57:06,-08:00,2025-01-24T23:57:06-08:00,0,0
js/global.js,40,js,1c631ec6,JunshuXin,2025-01-24,23:57:06,-08:00,2025-01-24T23:57:06-08:00,0,21
js/global.js,41,js,ac15ef80,JunshuXin,2025-02-07,22:14:34,-08:00,2025-02-07T22:14:34-08:00,0,15
js/global.js,42,js,ac15ef80,JunshuXin,2025-02-07,22:14:34,-08:00,2025-02-07T22:14:34-08:00,0,19
js/global.js,43,js,ac15ef80,JunshuXin,2025-02-07,22:14:34,-08:00,2025-02-07T22:14:34-08:00,0,0
js/global.js,44,js,ac15ef80,JunshuXin,2025-02-07,22:14:34,-08:00,2025-02-07T22:14:34-08:00,0,68
js/global.js,45,js,8fec9e93,JunshuXin,2025-02-08,21:38:21,-08:00,2025-02-08T21:38:21-08:00,0,27
js/global.js,46,js,8fec9e93,JunshuXin,2025-02-08,21:38:21,-08:00,2025-02-08T21:38:21-08:00,0,4
js/global.js,47,js,a3b9cde1,JunshuXin,2025-02-08,22:53:06,-08:00,2025-02-08T22:53:06-08:00,0,47
js/global.js,48,js,8fec9e93,JunshuXin,2025-02-08,21:38:21,-08:00,2025-02-08T21:38:21-08:00,0,0
js/global.js,49,js,ac15ef80,JunshuXin,2025-02-07,22:14:34,-08:00,2025-02-07T22:14:34-08:00,0,26
js/global.js,50,js,ac15ef80,JunshuXin,2025-02-07,22:14:34,-08:00,2025-02-07T22:14:34-08:00,0,35
js/global.js,51,js,ac15ef80,JunshuXin,2025-02-07,22:14:34,-08:00,2025-02-07T22:14:34-08:00,0,12
js/global.js,52,js,ac15ef80,JunshuXin,2025-02-07,22:14:34,-08:00,2025-02-07T22:14:34-08:00,0,21
js/global.js,53,js,ac15ef80,JunshuXin,2025-02-07,22:14:34,-08:00,2025-02-07T22:14:34-08:00,0,0
js/global.js,54,js,ac15ef80,JunshuXin,2025-02-07,22:14:34,-08:00,2025-02-07T22:14:34-08:00,0,28
js/global.js,55,js,ac15ef80,JunshuXin,2025-02-07,22:14:34,-08:00,2025-02-07T22:14:34-08:00,0,18
js/global.js,56,js,ac15ef80,JunshuXin,2025-02-07,22:14:34,-08:00,2025-02-07T22:14:34-08:00,0,9
js/global.js,57,js,ac15ef80,JunshuXin,2025-02-07,22:14:34,-08:00,2025-02-07T22:14:34-08:00,0,59
js/global.js,58,js,ac15ef80,JunshuXin,2025-02-07,22:14:34,-08:00,2025-02-07T22:14:34-08:00,0,1
js/global.js,59,js,ac15ef80,JunshuXin,2025-02-07,22:14:34,-08:00,2025-02-07T22:14:34-08:00,0,0
js/global.js,60,js,ac15ef80,JunshuXin,2025-02-07,22:14:34,-08:00,2025-02-07T22:14:34-08:00,0,34
js/global.js,61,js,ac15ef80,JunshuXin,2025-02-07,22:14:34,-08:00,2025-02-07T22:14:34-08:00,0,28
js/global.js,62,js,ac15ef80,JunshuXin,2025-02-07,22:14:34,-08:00,2025-02-07T22:14:34-08:00,0,59
js/global.js,63,js,0584964b,JunshuXin,2025-02-05,16:23:17,-08:00,2025-02-05T16:23:17-08:00,0,0
js/global.js,64,js,ac15ef80,JunshuXin,2025-02-07,22:14:34,-08:00,2025-02-07T22:14:34-08:00,0,0
js/global.js,65,js,ac15ef80,JunshuXin,2025-02-07,22:14:34,-08:00,2025-02-07T22:14:34-08:00,0,30
js/global.js,66,js,ac15ef80,JunshuXin,2025-02-07,22:14:34,-08:00,2025-02-07T22:14:34-08:00,0,13
js/global.js,67,js,94884304,JunshuXin,2025-02-05,16:00:44,-08:00,2025-02-05T16:00:44-08:00,0,0
js/global.js,68,js,ee4b2c5b,JunshuXin,2025-02-05,15:33:39,-08:00,2025-02-05T15:33:39-08:00,0,0
js/global.js,69,js,ac15ef80,JunshuXin,2025-02-07,22:14:34,-08:00,2025-02-07T22:14:34-08:00,0,26
js/global.js,70,js,1c631ec6,JunshuXin,2025-01-24,23:57:06,-08:00,2025-01-24T23:57:06-08:00,0,32
js/global.js,71,js,ac15ef80,JunshuXin,2025-02-07,22:14:34,-08:00,2025-02-07T22:14:34-08:00,0,12
js/global.js,72,js,ac15ef80,JunshuXin,2025-02-07,22:14:34,-08:00,2025-02-07T22:14:34-08:00,0,0
js/global.js,73,js,ac15ef80,JunshuXin,2025-02-07,22:14:34,-08:00,2025-02-07T22:14:34-08:00,0,27
js/global.js,74,js,ac15ef80,JunshuXin,2025-02-07,22:14:34,-08:00,2025-02-07T22:14:34-08:00,0,5
js/global.js,75,js,ac15ef80,JunshuXin,2025-02-07,22:14:34,-08:00,2025-02-07T22:14:34-08:00,0,25
js/global.js,76,js,ac15ef80,JunshuXin,2025-02-07,22:14:34,-08:00,2025-02-07T22:14:34-08:00,0,53
js/global.js,77,js,ac15ef80,JunshuXin,2025-02-07,22:14:34,-08:00,2025-02-07T22:14:34-08:00,0,35
js/global.js,78,js,ac15ef80,JunshuXin,2025-02-07,22:14:34,-08:00,2025-02-07T22:14:34-08:00,0,33
js/global.js,79,js,ac15ef80,JunshuXin,2025-02-07,22:14:34,-08:00,2025-02-07T22:14:34-08:00,0,8
js/global.js,80,js,ac15ef80,JunshuXin,2025-02-07,22:14:34,-08:00,2025-02-07T22:14:34-08:00,0,8
js/global.js,81,js,1c631ec6,JunshuXin,2025-01-24,23:57:06,-08:00,2025-01-24T23:57:06-08:00,0,1
js/global.js,82,js,1c631ec6,JunshuXin,2025-01-24,23:57:06,-08:00,2025-01-24T23:57:06-08:00,0,0
js/global.js,83,js,ac15ef80,JunshuXin,2025-02-07,22:14:34,-08:00,2025-02-07T22:14:34-08:00,0,26
js/global.js,84,js,ac15ef80,JunshuXin,2025-02-07,22:14:34,-08:00,2025-02-07T22:14:34-08:00,0,59
js/global.js,85,js,1c631ec6,JunshuXin,2025-01-24,23:57:06,-08:00,2025-01-24T23:57:06-08:00,0,0
js/global.js,86,js,ac15ef80,JunshuXin,2025-02-07,22:14:34,-08:00,2025-02-07T22:14:34-08:00,0,34
js/global.js,87,js,ac15ef80,JunshuXin,2025-02-07,22:14:34,-08:00,2025-02-07T22:14:34-08:00,0,49
js/global.js,88,js,ac15ef80,JunshuXin,2025-02-07,22:14:34,-08:00,2025-02-07T22:14:34-08:00,0,32
js/global.js,89,js,1c631ec6,JunshuXin,2025-01-24,23:57:06,-08:00,2025-01-24T23:57:06-08:00,0,0
js/global.js,90,js,ac15ef80,JunshuXin,2025-02-07,22:14:34,-08:00,2025-02-07T22:14:34-08:00,0,51
js/global.js,91,js,ac15ef80,JunshuXin,2025-02-07,22:14:34,-08:00,2025-02-07T22:14:34-08:00,0,65
js/global.js,92,js,1c631ec6,JunshuXin,2025-01-24,23:57:06,-08:00,2025-01-24T23:57:06-08:00,0,0
js/global.js,93,js,ac15ef80,JunshuXin,2025-02-07,22:14:34,-08:00,2025-02-07T22:14:34-08:00,0,44
js/global.js,94,js,ac15ef80,JunshuXin,2025-02-07,22:14:34,-08:00,2025-02-07T22:14:34-08:00,0,42
js/global.js,95,js,1c631ec6,JunshuXin,2025-01-24,23:57:06,-08:00,2025-01-24T23:57:06-08:00,0,2
js/global.js,96,js,c19d155b,JunshuXin,2025-02-01,23:13:29,-08:00,2025-02-01T23:13:29-08:00,0,0
js/global.js,97,js,ac15ef80,JunshuXin,2025-02-07,22:14:34,-08:00,2025-02-07T22:14:34-08:00,0,47
js/global.js,98,js,ac15ef80,JunshuXin,2025-02-07,22:14:34,-08:00,2025-02-07T22:14:34-08:00,0,54
js/global.js,99,js,ac15ef80,JunshuXin,2025-02-07,22:14:34,-08:00,2025-02-07T22:14:34-08:00,0,16
js/global.js,100,js,ac15ef80,JunshuXin,2025-02-07,22:14:34,-08:00,2025-02-07T22:14:34-08:00,0,70
js/global.js,101,js,ac15ef80,JunshuXin,2025-02-07,22:14:34,-08:00,2025-02-07T22:14:34-08:00,0,30
js/global.js,102,js,ac15ef80,JunshuXin,2025-02-07,22:14:34,-08:00,2025-02-07T22:14:34-08:00,0,0
js/global.js,103,js,c19d155b,JunshuXin,2025-02-01,23:13:29,-08:00,2025-02-01T23:13:29-08:00,0,37
js/global.js,104,js,ac15ef80,JunshuXin,2025-02-07,22:14:34,-08:00,2025-02-07T22:14:34-08:00,0,4
js/global.js,105,js,ac15ef80,JunshuXin,2025-02-07,22:14:34,-08:00,2025-02-07T22:14:34-08:00,0,33
js/global.js,106,js,ac15ef80,JunshuXin,2025-02-07,22:14:34,-08:00,2025-02-07T22:14:34-08:00,0,18
js/global.js,107,js,ac15ef80,JunshuXin,2025-02-07,22:14:34,-08:00,2025-02-07T22:14:34-08:00,0,67
js/global.js,108,js,c19d155b,JunshuXin,2025-02-01,23:13:29,-08:00,2025-02-01T23:13:29-08:00,0,0
js/global.js,109,js,ac15ef80,JunshuXin,2025-02-07,22:14:34,-08:00,2025-02-07T22:14:34-08:00,0,34
js/global.js,110,js,ac15ef80,JunshuXin,2025-02-07,22:14:34,-08:00,2025-02-07T22:14:34-08:00,0,11
js/global.js,111,js,ac15ef80,JunshuXin,2025-02-07,22:14:34,-08:00,2025-02-07T22:14:34-08:00,0,16
js/global.js,112,js,ac15ef80,JunshuXin,2025-02-07,22:14:34,-08:00,2025-02-07T22:14:34-08:00,0,60
js/global.js,113,js,ac15ef80,JunshuXin,2025-02-07,22:14:34,-08:00,2025-02-07T22:14:34-08:00,0,0
js/global.js,114,js,c19d155b,JunshuXin,2025-02-01,23:13:29,-08:00,2025-02-01T23:13:29-08:00,0,0
js/global.js,115,js,c19d155b,JunshuXin,2025-02-01,23:13:29,-08:00,2025-02-01T23:13:29-08:00,0,80
js/global.js,116,js,ac15ef80,JunshuXin,2025-02-07,22:14:34,-08:00,2025-02-07T22:14:34-08:00,0,57
js/global.js,117,js,ac15ef80,JunshuXin,2025-02-07,22:14:34,-08:00,2025-02-07T22:14:34-08:00,0,0
js/global.js,118,js,ac15ef80,JunshuXin,2025-02-07,22:14:34,-08:00,2025-02-07T22:14:34-08:00,0,28
js/global.js,119,js,ac15ef80,JunshuXin,2025-02-07,22:14:34,-08:00,2025-02-07T22:14:34-08:00,0,49
js/global.js,120,js,ac15ef80,JunshuXin,2025-02-07,22:14:34,-08:00,2025-02-07T22:14:34-08:00,0,20
js/global.js,121,js,ac15ef80,JunshuXin,2025-02-07,22:14:34,-08:00,2025-02-07T22:14:34-08:00,0,50
js/global.js,122,js,a147fda8,JunshuXin,2025-02-08,23:09:34,-08:00,2025-02-08T23:09:34-08:00,0,78
js/global.js,123,js,a147fda8,JunshuXin,2025-02-08,23:09:34,-08:00,2025-02-08T23:09:34-08:00,0,74
js/global.js,124,js,a147fda8,JunshuXin,2025-02-08,23:09:34,-08:00,2025-02-08T23:09:34-08:00,0,28
js/global.js,125,js,a147fda8,JunshuXin,2025-02-08,23:09:34,-08:00,2025-02-08T23:09:34-08:00,0,70
js/global.js,126,js,a147fda8,JunshuXin,2025-02-08,23:09:34,-08:00,2025-02-08T23:09:34-08:00,0,5
js/global.js,127,js,ac15ef80,JunshuXin,2025-02-07,22:14:34,-08:00,2025-02-07T22:14:34-08:00,0,103
js/global.js,128,js,ac15ef80,JunshuXin,2025-02-07,22:14:34,-08:00,2025-02-07T22:14:34-08:00,0,1
js/global.js,129,js,ac15ef80,JunshuXin,2025-02-07,22:14:34,-08:00,2025-02-07T22:14:34-08:00,0,37
js/global.js,130,js,ac15ef80,JunshuXin,2025-02-07,22:14:34,-08:00,2025-02-07T22:14:34-08:00,0,2
js/global.js,131,js,c19d155b,JunshuXin,2025-02-01,23:13:29,-08:00,2025-02-01T23:13:29-08:00,0,0
js/global.js,132,js,c19d155b,JunshuXin,2025-02-01,23:13:29,-08:00,2025-02-01T23:13:29-08:00,0,0
js/global.js,133,js,ac15ef80,JunshuXin,2025-02-07,22:14:34,-08:00,2025-02-07T22:14:34-08:00,0,0
js/global.js,134,js,c19d155b,JunshuXin,2025-02-01,23:13:29,-08:00,2025-02-01T23:13:29-08:00,0,48
js/global.js,135,js,ac15ef80,JunshuXin,2025-02-07,22:14:34,-08:00,2025-02-07T22:14:34-08:00,0,60
js/global.js,136,js,c19d155b,JunshuXin,2025-02-01,23:13:29,-08:00,2025-02-01T23:13:29-08:00,0,0
js/global.js,137,js,ac15ef80,JunshuXin,2025-02-07,22:14:34,-08:00,2025-02-07T22:14:34-08:00,0,0
js/global.js,138,js,ac15ef80,JunshuXin,2025-02-07,22:14:34,-08:00,2025-02-07T22:14:34-08:00,0,0
js/global.js,139,js,ac15ef80,JunshuXin,2025-02-07,22:14:34,-08:00,2025-02-07T22:14:34-08:00,0,0
js/global.js,140,js,ac15ef80,JunshuXin,2025-02-07,22:14:34,-08:00,2025-02-07T22:14:34-08:00,0,52
js/global.js,141,js,ac15ef80,JunshuXin,2025-02-07,22:14:34,-08:00,2025-02-07T22:14:34-08:00,0,51
js/global.js,142,js,ac15ef80,JunshuXin,2025-02-07,22:14:34,-08:00,2025-02-07T22:14:34-08:00,0,0
js/global.js,143,js,ac15ef80,JunshuXin,2025-02-07,22:14:34,-08:00,2025-02-07T22:14:34-08:00,0,25
js/global.js,144,js,ac15ef80,JunshuXin,2025-02-07,22:14:34,-08:00,2025-02-07T22:14:34-08:00,0,42
js/global.js,145,js,8fec9e93,JunshuXin,2025-02-08,21:38:21,-08:00,2025-02-08T21:38:21-08:00,0,38
js/global.js,146,js,8fec9e93,JunshuXin,2025-02-08,21:38:21,-08:00,2025-02-08T21:38:21-08:00,0,69
js/global.js,147,js,ac15ef80,JunshuXin,2025-02-07,22:14:34,-08:00,2025-02-07T22:14:34-08:00,0,0
js/global.js,148,js,ac15ef80,JunshuXin,2025-02-07,22:14:34,-08:00,2025-02-07T22:14:34-08:00,0,43
js/global.js,149,js,ac15ef80,JunshuXin,2025-02-07,22:14:34,-08:00,2025-02-07T22:14:34-08:00,0,30
js/global.js,150,js,8fec9e93,JunshuXin,2025-02-08,21:38:21,-08:00,2025-02-08T21:38:21-08:00,0,6
js/global.js,151,js,8fec9e93,JunshuXin,2025-02-08,21:38:21,-08:00,2025-02-08T21:38:21-08:00,0,0
js/global.js,152,js,8fec9e93,JunshuXin,2025-02-08,21:38:21,-08:00,2025-02-08T21:38:21-08:00,0,0
js/global.js,153,js,8fec9e93,JunshuXin,2025-02-08,21:38:21,-08:00,2025-02-08T21:38:21-08:00,0,48
js/global.js,154,js,8fec9e93,JunshuXin,2025-02-08,21:38:21,-08:00,2025-02-08T21:38:21-08:00,0,49
js/global.js,155,js,8fec9e93,JunshuXin,2025-02-08,21:38:21,-08:00,2025-02-08T21:38:21-08:00,0,22
js/global.js,156,js,8fec9e93,JunshuXin,2025-02-08,21:38:21,-08:00,2025-02-08T21:38:21-08:00,0,6
js/global.js,157,js,ac15ef80,JunshuXin,2025-02-07,22:14:34,-08:00,2025-02-07T22:14:34-08:00,0,0
js/global.js,158,js,ac15ef80,JunshuXin,2025-02-07,22:14:34,-08:00,2025-02-07T22:14:34-08:00,0,0
js/global.js,159,js,8fec9e93,JunshuXin,2025-02-08,21:38:21,-08:00,2025-02-08T21:38:21-08:00,0,33
js/global.js,160,js,8fec9e93,JunshuXin,2025-02-08,21:38:21,-08:00,2025-02-08T21:38:21-08:00,0,46
js/global.js,161,js,8fec9e93,JunshuXin,2025-02-08,21:38:21,-08:00,2025-02-08T21:38:21-08:00,0,46
js/global.js,162,js,8fec9e93,JunshuXin,2025-02-08,21:38:21,-08:00,2025-02-08T21:38:21-08:00,0,0
js/global.js,163,js,8fec9e93,JunshuXin,2025-02-08,21:38:21,-08:00,2025-02-08T21:38:21-08:00,0,0
js/global.js,164,js,8fec9e93,JunshuXin,2025-02-08,21:38:21,-08:00,2025-02-08T21:38:21-08:00,0,51
js/global.js,165,js,8fec9e93,JunshuXin,2025-02-08,21:38:21,-08:00,2025-02-08T21:38:21-08:00,0,82
js/global.js,166,js,8fec9e93,JunshuXin,2025-02-08,21:38:21,-08:00,2025-02-08T21:38:21-08:00,0,0
js/global.js,167,js,ac15ef80,JunshuXin,2025-02-07,22:14:34,-08:00,2025-02-07T22:14:34-08:00,0,22
js/global.js,168,js,8fec9e93,JunshuXin,2025-02-08,21:38:21,-08:00,2025-02-08T21:38:21-08:00,0,37
js/global.js,169,js,ac15ef80,JunshuXin,2025-02-07,22:14:34,-08:00,2025-02-07T22:14:34-08:00,0,2
js/global.js,170,js,ac15ef80,JunshuXin,2025-02-07,22:14:34,-08:00,2025-02-07T22:14:34-08:00,0,2
js/global.js,171,js,8fec9e93,JunshuXin,2025-02-08,21:38:21,-08:00,2025-02-08T21:38:21-08:00,0,2
contact/index.html,1,html,682cfdd5,JunshuXin,2025-01-17,19:34:28,-08:00,2025-01-17T19:34:28-08:00,0,14
contact/index.html,2,html,682cfdd5,JunshuXin,2025-01-17,19:34:28,-08:00,2025-01-17T19:34:28-08:00,0,15
contact/index.html,3,html,682cfdd5,JunshuXin,2025-01-17,19:34:28,-08:00,2025-01-17T19:34:28-08:00,0,5
contact/index.html,4,html,682cfdd5,JunshuXin,2025-01-17,19:34:28,-08:00,2025-01-17T19:34:28-08:00,0,21
contact/index.html,5,html,682cfdd5,JunshuXin,2025-01-17,19:34:28,-08:00,2025-01-17T19:34:28-08:00,0,69
contact/index.html,6,html,682cfdd5,JunshuXin,2025-01-17,19:34:28,-08:00,2025-01-17T19:34:28-08:00,0,21
contact/index.html,7,html,fb703c8d,JunshuXin,2025-01-18,23:06:26,-08:00,2025-01-18T23:06:26-08:00,0,42
contact/index.html,8,html,836a0183,JunshuXin,2025-01-31,23:30:40,-08:00,2025-01-31T23:30:40-08:00,0,0
contact/index.html,9,html,1c631ec6,JunshuXin,2025-01-24,23:57:06,-08:00,2025-01-24T23:57:06-08:00,0,0
contact/index.html,10,html,fb703c8d,JunshuXin,2025-01-18,23:06:26,-08:00,2025-01-18T23:06:26-08:00,0,0
contact/index.html,11,html,682cfdd5,JunshuXin,2025-01-17,19:34:28,-08:00,2025-01-17T19:34:28-08:00,0,6
contact/index.html,12,html,682cfdd5,JunshuXin,2025-01-17,19:34:28,-08:00,2025-01-17T19:34:28-08:00,0,5
contact/index.html,13,html,c19d155b,JunshuXin,2025-02-01,23:13:29,-08:00,2025-02-01T23:13:29-08:00,0,9
contact/index.html,14,html,682cfdd5,JunshuXin,2025-01-17,19:34:28,-08:00,2025-01-17T19:34:28-08:00,0,31
contact/index.html,15,html,682cfdd5,JunshuXin,2025-01-17,19:34:28,-08:00,2025-01-17T19:34:28-08:00,0,44
contact/index.html,16,html,fb703c8d,JunshuXin,2025-01-18,23:06:26,-08:00,2025-01-18T23:06:26-08:00,0,47
contact/index.html,17,html,682cfdd5,JunshuXin,2025-01-17,19:34:28,-08:00,2025-01-17T19:34:28-08:00,0,64
contact/index.html,18,html,c19d155b,JunshuXin,2025-02-01,23:13:29,-08:00,2025-02-01T23:13:29-08:00,0,9
contact/index.html,19,html,682cfdd5,JunshuXin,2025-01-17,19:34:28,-08:00,2025-01-17T19:34:28-08:00,0,15
contact/index.html,20,html,682cfdd5,JunshuXin,2025-01-17,19:34:28,-08:00,2025-01-17T19:34:28-08:00,0,34
contact/index.html,21,html,3680dcf0,JunshuXin,2025-01-17,19:38:31,-08:00,2025-01-17T19:38:31-08:00,0,70
contact/index.html,22,html,682cfdd5,JunshuXin,2025-01-17,19:34:28,-08:00,2025-01-17T19:34:28-08:00,0,41
contact/index.html,23,html,682cfdd5,JunshuXin,2025-01-17,19:34:28,-08:00,2025-01-17T19:34:28-08:00,0,60
contact/index.html,24,html,682cfdd5,JunshuXin,2025-01-17,19:34:28,-08:00,2025-01-17T19:34:28-08:00,0,0
contact/index.html,25,html,682cfdd5,JunshuXin,2025-01-17,19:34:28,-08:00,2025-01-17T19:34:28-08:00,0,40
contact/index.html,26,html,682cfdd5,JunshuXin,2025-01-17,19:34:28,-08:00,2025-01-17T19:34:28-08:00,0,63
contact/index.html,27,html,682cfdd5,JunshuXin,2025-01-17,19:34:28,-08:00,2025-01-17T19:34:28-08:00,0,0
contact/index.html,28,html,682cfdd5,JunshuXin,2025-01-17,19:34:28,-08:00,2025-01-17T19:34:28-08:00,0,37
contact/index.html,29,html,682cfdd5,JunshuXin,2025-01-17,19:34:28,-08:00,2025-01-17T19:34:28-08:00,0,78
contact/index.html,30,html,682cfdd5,JunshuXin,2025-01-17,19:34:28,-08:00,2025-01-17T19:34:28-08:00,0,0
contact/index.html,31,html,682cfdd5,JunshuXin,2025-01-17,19:34:28,-08:00,2025-01-17T19:34:28-08:00,0,22
contact/index.html,32,html,682cfdd5,JunshuXin,2025-01-17,19:34:28,-08:00,2025-01-17T19:34:28-08:00,0,6
contact/index.html,33,html,c19d155b,JunshuXin,2025-02-01,23:13:29,-08:00,2025-02-01T23:13:29-08:00,0,52
contact/index.html,34,html,682cfdd5,JunshuXin,2025-01-17,19:34:28,-08:00,2025-01-17T19:34:28-08:00,0,6
contact/index.html,35,html,682cfdd5,JunshuXin,2025-01-17,19:34:28,-08:00,2025-01-17T19:34:28-08:00,0,6
